id,credito,enganche,precio base,monto contrato,precio venta credito,dif,BASE,VENTA
143,890263.94,402736.06,1208000,1293000,1208000,-85000.00,1293000.00,1293000.00
1104,0,1597000,1537000,1597000,1537000,-60000.00,1597000.00,1597000.00
846,1191250,123750,1279000,1315000,1269000,-46000.00,1325000.00,1315000.00
947,1262000,10000,1236000,1272000,1226000,-46000.00,1282000.00,1272000.00
1027,1138384,123616,1236000,1262000,1216000,-46000.00,1282000.00,1262000.00
1042,0,2554399.2,2230000,2554399.2,2508399.2,-46000.00,2276000.00,2554399.20
1061,0,1412500,1334000,1412500,1366500,-46000.00,1380000.00,1412500.00
1067,1256850,113150,1334000,1370000,1324000,-46000.00,1380000.00,1370000.00
1199,0,2000705.61,1784000,2000705.61,1954705.61,-46000.00,1830000.00,2000705.61
1138,973149,790851,1752000,1764000,1724000,-40000.00,1792000.00,1764000.00
1146,1648907.31,75142.69,1655000,1724050,1689050,-35000.00,1690000.00,1724050.00
1239,1850000,0,1830000,1850000,1815000,-35000.00,1865000.00,1850000.00
1275,616120,1083880,1690000,1700000,1665000,-35000.00,1725000.00,1700000.00
1313,0,1625000,1690000,1625000,1590000,-35000.00,1725000.00,1625000.00
1334,975337.47,789662.53,1830000,1765000,1730000,-35000.00,1865000.00,1765000.00
1373,1825794.07,39205.93,1830000,1865000,1830000,-35000.00,1865000.00,1865000.00
1210,1861102,-10000,1791102,1851102,1816722,-34380.00,1825482.00,1851102.00
1318,0,1872000,1850000,1872000,1840000,-32000.00,1882000.00,1872000.00
1350,1016400,649600,1710000,1666000,1634000,-32000.00,1742000.00,1666000.00
1358,1671421.39,221578.61,1871000,1893000,1861000,-32000.00,1903000.00,1893000.00
204,1269318,494200.64,1647000,1763518.64,1733518.64,-30000.00,1677000.00,1763518.64
1222,0,1758000,1731000,1758000,1731000,-27000.00,1758000.00,1758000.00
1257,1515790.9,227209.1,1731000,1743000,1716000,-27000.00,1758000.00,1743000.00
1340,1252520,164480,1395000,1417000,1390000,-27000.00,1422000.00,1417000.00
1179,995809.79,1258527.87,1944000,2254337.66,2227337.66,-27000.00,1971000.00,2254337.66
834,0,1349000,1334000,1349000,1324000,-25000.00,1359000.00,1349000.00
949,1336672.73,6716.94,1250000,1343389.67,1318389.67,-25000.00,1275000.00,1343389.67
1033,832134,1701983.31,2176000,2534117.31,2509117.31,-25000.00,2201000.00,2534117.31
1044,0,1557000,1552000,1557000,1532000,-25000.00,1577000.00,1557000.00
1081,863273,1200561.17,1712000,2063834.17,2038834.17,-25000.00,1737000.00,2063834.17
1105,1432305,274695,1752000,1707000,1682000,-25000.00,1777000.00,1707000.00
1122,1380400,1600,1367000,1382000,1357000,-25000.00,1392000.00,1382000.00
1131,1048696.52,1241104.96,2176000,2289801.48,2264801.48,-25000.00,2201000.00,2289801.48
1164,1175970,208030,1367000,1384000,1359000,-25000.00,1392000.00,1384000.00
1180,1939540.73,350840.77,2176000,2290381.5,2265381.5,-25000.00,2201000.00,2290381.50
1188,0,1392000,1367000,1392000,1367000,-25000.00,1392000.00,1392000.00
1187,0,1850093.63,1355000,1850093.63,1825093.63,-25000.00,1380000.00,1850093.63
1195,1100340,283660,1367000,1384000,1359000,-25000.00,1392000.00,1384000.00
1198,1069774,483866,1534000,1553640,1528640,-25000.00,1559000.00,1553640.00
1205,1467448.15,56551.85,1559000,1524000,1499000,-25000.00,1584000.00,1524000.00
1207,1276010.51,1015079.69,2176000,2291090.2,2266090.2,-25000.00,2201000.00,2291090.20
1220,1781549.46,630781.21,2216000,2412330.67,2387330.67,-25000.00,2241000.00,2412330.67
1253,1237555.9,291444.1,1509000,1529000,1504000,-25000.00,1534000.00,1529000.00
1255,1160840,239160,1380000,1400000,1375000,-25000.00,1405000.00,1400000.00
1278,1375226.92,17773.08,1380000,1393000,1368000,-25000.00,1405000.00,1393000.00
1279,726619.5,998380.5,1730000,1725000,1700000,-25000.00,1755000.00,1725000.00
1256,1102620,397380,1525000,1500000,1475000,-25000.00,1550000.00,1500000.00
1309,2337316.38,2639.53,2216000,2339955.91,2314955.91,-25000.00,2241000.00,2339955.91
1311,1599674.62,85325.38,1730000,1685000,1660000,-25000.00,1755000.00,1685000.00
1315,1763870,259090,2003000,2022960,1997960,-25000.00,2028000.00,2022960.00
1317,0,1755000,1730000,1755000,1730000,-25000.00,1755000.00,1755000.00
1320,956430,557570,1559000,1514000,1489000,-25000.00,1584000.00,1514000.00
1337,439680,1092320,1577000,1532000,1507000,-25000.00,1602000.00,1532000.00
1370,1229000,300000,1509000,1529000,1504000,-25000.00,1534000.00,1529000.00
1095,1818205.6,475210.4,2176000,2293416,2268416,-25000.00,2201000.00,2293416.00
1123,1340000,616594.64,1727000,1956594.64,1931594.64,-25000.00,1752000.00,1956594.64
1158,1045113.16,485051.51,1300000,1530164.67,1505164.67,-25000.00,1325000.00,1530164.67
1108,2042720.09,500378.35,2176000,2543098.44,2518098.44,-25000.00,2201000.00,2543098.44
1375,1871130.36,550791.03,2216000,2421921.39,2396921.39,-25000.00,2241000.00,2421921.39
1246,0,1597000,1583000,1597000,1575000,-22000.00,1605000.00,1597000.00
1261,932810.34,667189.66,1583000,1600000,1578000,-22000.00,1605000.00,1600000.00
1264,0,1308640,1395000,1308640,1286640,-22000.00,1417000.00,1308640.00
1293,0,1357000,1340000,1357000,1335000,-22000.00,1362000.00,1357000.00
1297,0,1600000,1583000,1600000,1578000,-22000.00,1605000.00,1600000.00
1302,1319410.12,92589.88,1395000,1412000,1390000,-22000.00,1417000.00,1412000.00
719,1701230,15770,1697000,1717000,1697000,-20000.00,1717000.00,1717000.00
908,1099669,199331,1279000,1299000,1279000,-20000.00,1299000.00,1299000.00
915,1280691.53,269308.47,1530000,1550000,1530000,-20000.00,1550000.00,1550000.00
1216,1439280,252720,1690000,1692000,1672000,-20000.00,1710000.00,1692000.00
1237,2327202.4,2400,2216000,2329602.4,2309602.4,-20000.00,2236000.00,2329602.40
1243,1142172.72,1093261.26,2216000,2235433.98,2215433.98,-20000.00,2236000.00,2235433.98
1248,0,2048000,2028000,2048000,2028000,-20000.00,2048000.00,2048000.00
1260,0,2624646.38,2216000,2624646.38,2604646.38,-20000.00,2236000.00,2624646.38
1327,1152430,629570,1772000,1782000,1762000,-20000.00,1792000.00,1782000.00
1368,1782000,0,1772000,1782000,1762000,-20000.00,1792000.00,1782000.00
970,1092620.04,206379.96,1279000,1299000,1279000,-20000.00,1299000.00,1299000.00
1263,1628922.07,148077.93,1772000,1777000,1757000,-20000.00,1792000.00,1777000.00
1274,2174590.01,518729.22,2216000,2693319.23,2673319.23,-20000.00,2236000.00,2693319.23
1211,942629,1373045.78,1750000,2315674.78,2295674.78,-20000.00,1770000.00,2315674.78
1314,0,1366000,1354000,1366000,1349000,-17000.00,1371000.00,1366000.00
1330,1366000,0,1354000,1366000,1349000,-17000.00,1371000.00,1366000.00
1360,1160550,205450,1354000,1366000,1349000,-17000.00,1371000.00,1366000.00
1384,490150,875850,1354000,1366000,1349000,-17000.00,1371000.00,1366000.00
899,1102747.31,263252.69,1354000,1366000,1349000,-17000.00,1371000.00,1366000.00
1016,535624.36,805375.64,1335000,1341000,1325000,-16000.00,1351000.00,1341000.00
1082,1090906,238094,1323000,1329000,1313000,-16000.00,1339000.00,1329000.00
1165,1282861,60139,1335000,1343000,1327000,-16000.00,1351000.00,1343000.00
1300,1287240,17760,1339000,1305000,1289000,-16000.00,1355000.00,1305000.00
1307,1121658,183342,1339000,1305000,1289000,-16000.00,1355000.00,1305000.00
1324,1326976.02,30523.98,1339000,1357500,1341500,-16000.00,1355000.00,1357500.00
1168,699000,515000,1199000,1214000,1199000,-15000.00,1214000.00,1214000.00
1189,1566097.9,1016944.8,2181000,2583042.7,2568042.7,-15000.00,2196000.00,2583042.70
1215,1395191.2,90808.8,1479000,1486000,1471000,-15000.00,1494000.00,1486000.00
991,819934.64,649065.36,1454000,1469000,1454000,-15000.00,1469000.00,1469000.00
177,1246687,226953,1461000,1473640,1461000,-12640.00,1473640.00,1473640.00
1136,1477243.41,94756.59,1568000,1572000,1560000,-12000.00,1580000.00,1572000.00
1224,2284477.65,0,2196000,2284477.65,2279477.65,-5000.00,2201000.00,2284477.65
1299,1485396,855127.35,2236000,2340523.35,2335523.35,-5000.00,2241000.00,2340523.35
1336,1645095,39905,1750000,1685000,1680000,-5000.00,1755000.00,1685000.00
1362,1214240,65760,1307000,1280000,1279000,-1000.00,1308000.00,1280000.00
1382,1202731.16,75268.84,1307000,1278000,1277000,-1000.00,1308000.00,1278000.00
63,1469120.8,239185.2,1708000,1708306,1708280,-26.00,1708026.00,1708306.00
29,951425.48,578769.52,1539000,1530195,1530195,0,1539000,1530195
33,1495331,23704,1519000,1519035,1519035,0,1519000,1519035
34,1426714,151286,1578000,1578000,1578000,0,1578000,1578000
37,1000569.8,597430.2,1598000,1598000,1598000,0,1598000,1598000
38,1453424,314576,1768000,1768000,1768000,0,1768000,1768000
40,976820,791180,1768000,1768000,1768000,0,1768000,1768000
41,0,1735000,1735000,1735000,1735000,0,1735000,1735000
39,0,1735000,1735000,1735000,1735000,0,1735000,1735000
42,0,1542000,1542000,1542000,1542000,0,1542000,1542000
43,868700,693300,1562000,1562000,1562000,0,1562000,1562000
44,0,1554000,1562000,1554000,1554000,0,1562000,1554000
45,647073.55,1165032.45,1647000,1812106,1812106,0,1647000,1812106
46,969831,507204,1485000,1477035,1477035,0,1485000,1477035
47,1380537.2,337282.8,1716000,1717820,1717820,0,1716000,1717820
49,1506106,245179,1746000,1751285,1751285,0,1746000,1751285
50,1706510.73,175343.38,1711000,1881854.11,1881854.11,0,1711000,1881854.11
51,1395396.1,294598.9,1681000,1689995,1689995,0,1681000,1689995
52,980106,42296,950000,1022402,1022402,0,950000,1022402
35,1613971.77,125668.23,1735000,1739640,1739640,0,1735000,1739640
54,1253811,363189,1617000,1617000,1617000,0,1617000,1617000
55,1532772.34,214867.66,1735000,1747640,1747640,0,1735000,1747640
56,1217587,282413,1550000,1500000,1500000,0,1550000,1500000
53,1147500,145500,1293000,1293000,1293000,0,1293000,1293000
57,935441.63,725558.37,1661000,1661000,1661000,0,1661000,1661000
58,1105920,610080,1716000,1716000,1716000,0,1716000,1716000
59,1655000,6000,1661000,1661000,1661000,0,1661000,1661000
60,0,1661000,1691000,1661000,1661000,0,1691000,1661000
61,1780501,3400,1701000,1783901,1783901,0,1701000,1783901
62,1684036.03,31963.97,1766000,1716000,1716000,0,1766000,1716000
64,1127824.76,109175.24,1237000,1237000,1237000,0,1237000,1237000
28,1677700,88300,1766000,1766000,1766000,0,1766000,1766000
65,1208783.88,157216.12,1356000,1366000,1366000,0,1356000,1366000
68,1728353.4,305646.6,2126000,2034000,2034000,0,2126000,2034000
70,1068113.19,605526.81,1661000,1673640,1673640,0,1661000,1673640
71,1777441.2,98120.8,1681000,1875562,1875562,0,1681000,1875562
72,1452209.62,46790.38,1499000,1499000,1499000,0,1499000,1499000
73,1140454.75,366545.25,1519000,1507000,1507000,0,1519000,1507000
74,1495229.88,59970.12,1539000,1555200,1555200,0,1539000,1555200
75,1294258.1,194741.9,1519000,1489000,1489000,0,1519000,1489000
69,1544354.78,185385.22,1725000,1729740,1729740,0,1725000,1729740
76,1373430,169570,1543000,1543000,1543000,0,1543000,1543000
78,1582123.89,61955.16,1585000,1644079.05,1644079.05,0,1585000,1644079.05
79,1707498,306502,2014000,2014000,2014000,0,2014000,2014000
81,1923763.1,75236.9,2014000,1999000,1999000,0,2014000,1999000
80,0,1456500,1456500,1456500,1456500,0,1456500,1456500
82,912556.03,216443.97,1129000,1129000,1129000,0,1129000,1129000
83,1473541,585459,2109000,2059000,2059000,0,2109000,2059000
84,1174773.48,122726.52,1297500,1297500,1297500,0,1297500,1297500
85,1692440,341560,2034000,2034000,2034000,0,2034000,2034000
87,988731.24,72268.76,1069000,1061000,1061000,0,1069000,1061000
88,1284250.6,13249.4,1297500,1297500,1297500,0,1297500,1297500
89,0,1109000,1109000,1109000,1109000,0,1109000,1109000
91,1027390,101610,1129000,1129000,1129000,0,1129000,1129000
92,1835222.76,158777.24,1994000,1994000,1994000,0,1994000,1994000
93,0,1164500,1129000,1164500,1164500,0,1129000,1164500
95,439415.3,1586074.7,2014000,2025490,2025490,0,2014000,2025490
94,1129000,0,1129000,1129000,1129000,0,1129000,1129000
96,1911520.86,102659.14,2014000,2014180,2014180,0,2014000,2014180
97,1126040.98,2959.02,1129000,1129000,1129000,0,1129000,1129000
99,1974713.17,40846.83,2014000,2015560,2015560,0,2014000,2015560
101,1055687,178313,1234000,1234000,1234000,0,1234000,1234000
102,890040,608960,1499000,1499000,1499000,0,1499000,1499000
103,0,1757840,1754000,1757840,1757840,0,1754000,1757840
105,1814540,179460,1994000,1994000,1994000,0,1994000,1994000
106,0,1994000,1994000,1994000,1994000,0,1994000,1994000
108,1340133,120867,1461000,1461000,1461000,0,1461000,1461000
110,575259,780741,1356000,1356000,1356000,0,1356000,1356000
66,1027440,596000,1622000,1623440,1623440,0,1622000,1623440
114,1005214.73,351425.27,1374000,1356640,1356640,0,1374000,1356640
109,1240288,13700,1250000,1253988,1253988,0,1250000,1253988
117,1056031.53,89260.47,1134000,1145292,1145292,0,1134000,1145292
120,1309050.35,31949.65,1356000,1341000,1341000,0,1356000,1341000
121,0,1527000,1527000,1527000,1527000,0,1527000,1527000
122,757270.68,774369.32,1549000,1531640,1531640,0,1549000,1531640
119,1353784,-2784,1356000,1351000,1351000,0,1356000,1351000
124,1217488,279512,1527000,1497000,1497000,0,1527000,1497000
126,1488088.77,70911.23,1549000,1559000,1559000,0,1549000,1559000
127,1316129.29,42870.71,1374000,1359000,1359000,0,1374000,1359000
128,966360,374640,1356000,1341000,1341000,0,1356000,1341000
129,1442529.86,54470.14,1527000,1497000,1497000,0,1527000,1497000
123,416124,1218516,1622000,1634640,1634640,0,1622000,1634640
131,1172140,51270.49,1151000,1223410.49,1223410.49,0,1151000,1223410.49
132,0,1439000,1439000,1439000,1439000,0,1439000,1439000
133,1225385.17,153254.83,1366000,1378640,1378640,0,1366000,1378640
134,1272612.53,458027.47,1718000,1730640,1730640,0,1718000,1730640
136,1776280.64,217719.36,1994000,1994000,1994000,0,1994000,1994000
135,982299,186081,1173000,1168380,1168380,0,1173000,1168380
139,1141439.58,26560.42,1168000,1168000,1168000,0,1168000,1168000
140,0,1168000,1168000,1168000,1168000,0,1168000,1168000
141,969424.77,267635.23,1243000,1237060,1237060,0,1243000,1237060
142,1201039.91,-50039.91,1151000,1151000,1151000,0,1151000,1151000
144,1132950,18050,1151000,1151000,1151000,0,1151000,1151000
145,1761000,10244.01,1644000,1771244.01,1771244.01,0,1644000,1771244.01
146,1545600,3400,1549000,1549000,1549000,0,1549000,1549000
147,1458783,26217,1485000,1485000,1485000,0,1485000,1485000
148,1518764.02,93235.98,1632000,1612000,1612000,0,1632000,1612000
149,1388822.33,180177.67,1569000,1569000,1569000,0,1569000,1569000
150,985130.9,319869.1,1305000,1305000,1305000,0,1305000,1305000
151,1082037.2,107032.8,1197000,1189070,1189070,0,1197000,1189070
152,1374339.75,250300.25,1632000,1624640,1624640,0,1632000,1624640
153,1354000,5000,1374000,1359000,1359000,0,1374000,1359000
154,0,1452000,1485000,1452000,1452000,0,1485000,1452000
158,1093934.27,149065.73,1243000,1243000,1243000,0,1243000,1243000
159,1192540,5036,1197000,1197576,1197576,0,1197000,1197576
160,1057670,112252,1168000,1169922,1169922,0,1168000,1169922
161,1403957.87,45010.13,1455000,1448968,1448968,0,1455000,1448968
162,1203282,287811,1491000,1491093,1491093,0,1491000,1491093
163,1581029.86,53970.14,1620000,1635000,1635000,0,1620000,1635000
164,1301760.12,86739.88,1356000,1388500,1388500,0,1356000,1388500
113,1021761.08,409238.92,1451000,1431000,1431000,0,1451000,1431000
90,1471040,167960,1647000,1639000,1639000,0,1647000,1639000
165,1756611.97,-8500,1540000,1748111.97,1748111.97,0,1540000,1748111.97
167,1117366.43,387633.57,1495000,1505000,1505000,0,1495000,1505000
168,1204860,196140,1421000,1401000,1401000,0,1421000,1401000
169,1465437.33,13562.67,1479000,1479000,1479000,0,1479000,1479000
171,959260,181740,1141000,1141000,1141000,0,1141000,1141000
170,1608102.08,88897.92,1697000,1697000,1697000,0,1697000,1697000
174,1218640,10000,1236000,1228640,1228640,0,1236000,1228640
173,1680150,89920,1675000,1770070,1770070,0,1675000,1770070
175,1636226.06,213380.94,1683000,1849607,1849607,0,1683000,1849607
176,1264855.36,232144.64,1505000,1497000,1497000,0,1505000,1497000
178,1488225.89,16774.11,1505000,1505000,1505000,0,1505000,1505000
179,1662993,0,1560000,1662993,1662993,0,1560000,1662993
180,1134614.1,6385.9,1141000,1141000,1141000,0,1141000,1141000
181,1313058.16,60941.84,1374000,1374000,1374000,0,1374000,1374000
182,1130500,115035.69,1141000,1245535.69,1245535.69,0,1141000,1245535.69
183,1301760,54240,1356000,1356000,1356000,0,1356000,1356000
184,1380418.12,156581.88,1527000,1537000,1537000,0,1527000,1537000
185,0,1519000,1549000,1519000,1519000,0,1549000,1519000
186,1127916.86,369083.14,1527000,1497000,1497000,0,1527000,1497000
187,1247953.96,312046.04,1560000,1560000,1560000,0,1560000,1560000
188,0,1451000,1451000,1451000,1451000,0,1451000,1451000
189,1078054.64,456585.36,1522000,1534640,1534640,0,1522000,1534640
190,1263662.1,389210.9,1560000,1652873,1652873,0,1560000,1652873
191,1279800,300200,1580000,1580000,1580000,0,1580000,1580000
193,0,1651000,1651000,1651000,1651000,0,1651000,1651000
194,1863600,67664.01,1858000,1931264.01,1931264.01,0,1858000,1931264.01
196,890245.62,920394.38,1798000,1810640,1810640,0,1798000,1810640
197,0,1798750,1785000,1798750,1798750,0,1785000,1798750
199,1677500,283500,1961000,1961000,1961000,0,1961000,1961000
200,1719027.4,78972.6,1798000,1798000,1798000,0,1798000,1798000
201,1194990,764010,1959000,1959000,1959000,0,1959000,1959000
202,770988,794012,1580000,1565000,1565000,0,1580000,1565000
205,1476068.89,353458.61,1519000,1829527.5,1829527.5,0,1519000,1829527.5
206,1592819.9,38234.35,1539000,1631054.25,1631054.25,0,1539000,1631054.25
207,1090932.96,629322.54,1597000,1720255.5,1720255.5,0,1597000,1720255.5
208,1297809,494228.9,1539000,1792037.9,1792037.9,0,1539000,1792037.9
209,1747199.7,126310.7,1686000,1873510.4,1873510.4,0,1686000,1873510.4
211,1024560,202716,1226000,1227276,1227276,0,1226000,1227276
210,1374143,399996.49,1598000,1774139.49,1774139.49,0,1598000,1774139.49
213,1168878.16,383796.84,1529000,1552675,1552675,0,1529000,1552675
212,1191487.24,11182.76,1226000,1202670,1202670,0,1226000,1202670
215,1899659.28,94340.72,1994000,1994000,1994000,0,1994000,1994000
216,0,1801000,1801000,1801000,1801000,0,1801000,1801000
218,0,940000,940000,940000,940000,0,940000,940000
219,635939.21,756437.79,1392000,1392377,1392377,0,1392000,1392377
220,916200,4196,920000,920396,920396,0,920000,920396
221,1615526.9,77473.1,1693000,1693000,1693000,0,1693000,1693000
222,1220173.4,44886.6,1265000,1265060,1265060,0,1265000,1265060
223,1157284.14,3955.86,1161000,1161240,1161240,0,1161000,1161240
224,1162409.99,215660.01,1377500,1378070,1378070,0,1377500,1378070
225,879154.81,498825.19,1377500,1377980,1377980,0,1377500,1377980
226,1426572.39,-7222.39,1429140,1419350,1419350,0,1429140,1419350
227,1047215,0,999000,1047215,1047215,0,999000,1047215
229,1051772.88,17257.12,1069000,1069030,1069030,0,1069000,1069030
230,1121161.5,262988.5,1384000,1384150,1384150,0,1384000,1384150
231,1293004.99,196025.01,1489000,1489030,1489030,0,1489000,1489030
232,0,1250901,1246000,1250901,1250901,0,1246000,1250901
233,948791.77,183243.23,1141000,1132035,1132035,0,1141000,1132035
234,1072579.96,41436.04,1141000,1114016,1114016,0,1141000,1114016
235,849793.82,150801.18,999000,1000595,1000595,0,999000,1000595
236,1351766.47,6277.53,1387000,1358044,1358044,0,1387000,1358044
237,0,1497630,1505000,1497630,1497630,0,1505000,1497630
238,582778.56,649282.44,1226000,1232061,1232061,0,1226000,1232061
239,1356144.83,31174.17,1387000,1387319,1387319,0,1387000,1387319
240,0,1940665.07,1677000,1940665.07,1940665.07,0,1677000,1940665.07
241,1328690,241310,1570000,1570000,1570000,0,1570000,1570000
243,594071,1052929,1647000,1647000,1647000,0,1647000,1647000
244,1663840.5,174589.2,1647000,1838429.7,1838429.7,0,1647000,1838429.7
242,1133879.13,485927.38,1582000,1619806.51,1619806.51,0,1582000,1619806.51
246,1393566,0,1392000,1393566,1393566,0,1392000,1393566
247,1454774.95,5254.05,1460000,1460029,1460029,0,1460000,1460029
248,1495344,81297,1460000,1576641,1576641,0,1460000,1576641
250,1424780.18,35219.82,1460000,1460000,1460000,0,1460000,1460000
249,1084140,156000,1266000,1240140,1240140,0,1266000,1240140
251,1040920.58,351079.42,1392000,1392000,1392000,0,1392000,1392000
252,1373000,120120,1493000,1493120,1493120,0,1493000,1493120
214,958184.45,1304.55,920000,959489,959489,0,920000,959489
254,1455030.77,1800,1392000,1456830.77,1456830.77,0,1392000,1456830.77
255,1272696,322414,1594000,1595110,1595110,0,1594000,1595110
256,1461100.38,38899.62,1262000,1500000,1500000,0,1262000,1500000
253,782221.51,157117.49,920000,939339,939339,0,920000,939339
258,916245.53,11062.47,920000,927308,927308,0,920000,927308
259,1447470.94,2559.37,1297000,1450030.31,1450030.31,0,1297000,1450030.31
260,0,1838137.15,1638000,1838137.15,1838137.15,0,1638000,1838137.15
261,0,1674920,1653000,1674920,1674920,0,1653000,1674920
262,1550000,402607.3,1691000,1952607.3,1952607.3,0,1691000,1952607.3
30,0,1844598,1638000,1844598,1844598,0,1638000,1844598
116,1456480,309520,1766000,1766000,1766000,0,1766000,1766000
265,1019180,147441,1184000,1166621,1166621,0,1184000,1166621
130,0,1251203.34,1250000,1251203.34,1251203.34,0,1250000,1251203.34
266,1316493,377272,1681000,1693765,1693765,0,1681000,1693765
267,1379444.9,5000,1169000,1384444.9,1384444.9,0,1169000,1384444.9
268,1263370.8,477359.2,1562000,1740730,1740730,0,1562000,1740730
100,1261260,237055.96,1134000,1498315.96,1498315.96,0,1134000,1498315.96
269,0,1930914,2067000,1930914,1930914,0,2067000,1930914
271,1484127,185873,1641000,1670000,1670000,0,1641000,1670000
270,1462500,10000,1522500,1472500,1472500,0,1522500,1472500
272,1904044.1,159955.9,2114000,2064000,2064000,0,2114000,2064000
273,1064359,699999.85,1737000,1764358.85,1764358.85,0,1737000,1764358.85
275,1065475.3,105524.7,1171000,1171000,1171000,0,1171000,1171000
279,1267020.7,153979.3,1421000,1421000,1421000,0,1421000,1421000
280,1088916,97084,1206000,1186000,1186000,0,1206000,1186000
281,931292.9,380463.03,1141000,1311755.93,1311755.93,0,1141000,1311755.93
283,1208223.96,34470.14,1019000,1242694.1,1242694.1,0,1019000,1242694.1
284,1290736.21,30263.79,1321000,1321000,1321000,0,1321000,1321000
276,1223225,22775,1246000,1246000,1246000,0,1246000,1246000
285,0,1602000,1592000,1602000,1602000,0,1592000,1602000
286,1503234.44,45765.56,1549000,1549000,1549000,0,1549000,1549000
287,1594690,17310,1632000,1612000,1612000,0,1632000,1612000
289,1164420,236580,1451000,1401000,1401000,0,1451000,1401000
290,1232495.06,136296,1059000,1368791.06,1368791.06,0,1059000,1368791.06
291,1261842.4,132394.6,1374000,1394237,1394237,0,1374000,1394237
293,1417500,-15270.96,1374000,1402229.04,1402229.04,0,1374000,1402229.04
294,1149500,-8500,1141000,1141000,1141000,0,1141000,1141000
295,1095532,45468,1141000,1141000,1141000,0,1141000,1141000
297,0,1291000,1291000,1291000,1291000,0,1291000,1291000
296,1299244.74,244304.26,999000,1543549,1543549,0,999000,1543549
298,1182895,374105,1557000,1557000,1557000,0,1557000,1557000
299,1044642.32,246357.68,1291000,1291000,1291000,0,1291000,1291000
300,800000,574000,1374000,1374000,1374000,0,1374000,1374000
301,896735,301905,1206000,1198640,1198640,0,1206000,1198640
304,1189059,-5419,1171000,1183640,1183640,0,1171000,1183640
305,1189059,47106,1171000,1236165,1236165,0,1171000,1236165
306,1244824.02,56175.98,1301000,1301000,1301000,0,1301000,1301000
307,1034571,358429,1451000,1393000,1393000,0,1451000,1393000
308,1103076.18,65563.82,1171000,1168640,1168640,0,1171000,1168640
310,1224316.18,150129.02,1151000,1374445.2,1374445.2,0,1151000,1374445.2
311,1181327.29,-5419,1151000,1175908.29,1175908.29,0,1151000,1175908.29
107,591382.27,769653.13,1206000,1361035.4,1361035.4,0,1206000,1361035.4
313,1436016.15,250537.92,1386000,1686554.07,1686554.07,0,1386000,1686554.07
314,982541.81,160726.48,1141000,1143268.29,1143268.29,0,1141000,1143268.29
315,1118870,45455,1109000,1164325,1164325,0,1109000,1164325
317,1747152,305905.3,1920000,2053057.3,2053057.3,0,1920000,2053057.3
316,1347192.46,203719.58,1356000,1550912.04,1550912.04,0,1356000,1550912.04
312,1347188.75,288510.95,1394000,1635699.7,1635699.7,0,1394000,1635699.7
321,952480.96,417715.83,1099000,1370196.79,1370196.79,0,1099000,1370196.79
320,1377268.29,90801,1356000,1468069.29,1468069.29,0,1356000,1468069.29
172,0,1686461.9,1439000,1686461.9,1686461.9,0,1439000,1686461.9
323,1366133.27,199679.03,1356000,1565812.3,1565812.3,0,1356000,1565812.3
322,1570632.83,351157.61,1683000,1921790.44,1921790.44,0,1683000,1921790.44
324,0,1580363.15,1495000,1580363.15,1580363.15,0,1495000,1580363.15
325,927301,632296.4,1376000,1559597.4,1559597.4,0,1376000,1559597.4
326,0,1810875.82,1606000,1810875.82,1810875.82,0,1606000,1810875.82
327,2130373.02,121436.88,2181000,2251809.9,2251809.9,0,2181000,2251809.9
329,1052458.25,98541.75,1151000,1151000,1151000,0,1151000,1151000
330,742440,696560,1439000,1439000,1439000,0,1439000,1439000
331,671197.99,797802.01,1469000,1469000,1469000,0,1469000,1469000
333,1145949.1,210050.9,1356000,1356000,1356000,0,1356000,1356000
332,0,2022078.99,1745000,2022078.99,2022078.99,0,1745000,2022078.99
334,1195660.51,10339.49,1206000,1206000,1206000,0,1206000,1206000
336,1106468.77,64531.23,1171000,1171000,1171000,0,1171000,1171000
335,0,1865300.3,1785000,1865300.3,1865300.3,0,1785000,1865300.3
198,562171,916829,1479000,1479000,1479000,0,1479000,1479000
338,1746923.7,65498.13,1765000,1812421.83,1812421.83,0,1765000,1812421.83
341,1583729,310271,1894000,1894000,1894000,0,1894000,1894000
340,0,2064250.18,1984000,2064250.18,2064250.18,0,1984000,2064250.18
342,1449465.75,244540.49,1291000,1694006.24,1694006.24,0,1291000,1694006.24
343,1260650,421350,1702000,1682000,1682000,0,1702000,1682000
344,1291360,394022.13,1659000,1685382.13,1685382.13,0,1659000,1685382.13
346,1441304.36,519837.61,1659000,1961141.97,1961141.97,0,1659000,1961141.97
328,2253514.46,0,2169000,2253514.46,2253514.46,0,2169000,2253514.46
347,717832,1500537.42,2169000,2218369.42,2218369.42,0,2169000,2218369.42
349,485406.2,1936802.41,2169000,2422208.61,2422208.61,0,2169000,2422208.61
350,2234089.9,395733.45,2181000,2629823.35,2629823.35,0,2181000,2629823.35
355,0,1248929,1246000,1248929,1248929,0,1246000,1248929
353,1265282.79,224717.21,1520000,1490000,1490000,0,1520000,1490000
358,434781,751219,1206000,1186000,1186000,0,1206000,1186000
359,1110518,60482,1171000,1171000,1171000,0,1171000,1171000
361,1531691,62309,1614000,1594000,1594000,0,1614000,1594000
360,1191736.14,93586.24,1243000,1285322.38,1285322.38,0,1243000,1285322.38
364,0,1169120,1169000,1169120,1169120,0,1169000,1169120
115,905645.94,450354.06,1356000,1356000,1356000,0,1356000,1356000
357,860143.6,777856.4,1431000,1638000,1638000,0,1431000,1638000
365,1317680.31,197459.69,1522500,1515140,1515140,0,1522500,1515140
366,1036536.87,533973.53,1374000,1570510.4,1570510.4,0,1374000,1570510.4
368,1201288,533712,1735000,1735000,1735000,0,1735000,1735000
263,750000,979114.32,1617000,1729114.32,1729114.32,0,1617000,1729114.32
370,1328690,241310,1570000,1570000,1570000,0,1570000,1570000
371,1570000,0,1570000,1570000,1570000,0,1570000,1570000
372,0,1703000,1711000,1703000,1703000,0,1711000,1703000
274,1235332.6,446424.4,1647000,1681757,1681757,0,1647000,1681757
369,1718498.15,6501.85,1725000,1725000,1725000,0,1725000,1725000
303,1276125.83,174874.17,1461000,1451000,1451000,0,1461000,1451000
373,1604699.77,68746.78,1675000,1673446.55,1673446.55,0,1675000,1673446.55
118,455876.62,1266123.38,1732000,1722000,1722000,0,1732000,1722000
376,1483923.16,418804.84,1901000,1902728,1902728,0,1901000,1902728
367,508057,1437511.42,1562000,1945568.42,1945568.42,0,1562000,1945568.42
375,1685642.94,47357.06,1733000,1733000,1733000,0,1733000,1733000
378,0,1639015,1638000,1639015,1639015,0,1638000,1639015
377,1075733.29,190295.71,1265999,1266029,1266029,0,1265999,1266029
379,1312191.22,701808.78,2014000,2014000,2014000,0,2014000,2014000
380,1330059.59,-67349.59,1277500,1262710,1262710,0,1277500,1262710
381,1087420.18,-2770.18,1049000,1084650,1084650,0,1049000,1084650
382,1323042,644588.86,1781000,1967630.86,1967630.86,0,1781000,1967630.86
383,894596,168624,1069000,1063220,1063220,0,1069000,1063220
385,2034284.74,-8500,1969000,2025784.74,2025784.74,0,1969000,2025784.74
386,1105179.74,3850.26,1109000,1109030,1109030,0,1109000,1109030
384,1331600,193400,1525000,1525000,1525000,0,1525000,1525000
387,0,2050885.15,1994000,2050885.15,2050885.15,0,1994000,2050885.15
388,0,2211793.12,1775126,2211793.12,2211793.12,0,1775126,2211793.12
390,1276870,482687.33,1714000,1759557.33,1759557.33,0,1714000,1759557.33
389,1497780,380220,1878000,1878000,1878000,0,1878000,1878000
391,0,1766115.8,1756000,1766115.8,1766115.8,0,1756000,1766115.8
393,1384051.68,604948.32,1989000,1989000,1989000,0,1989000,1989000
395,1655213.08,78673.31,1500000,1733886.39,1733886.39,0,1500000,1733886.39
396,1780909.47,29354.55,1538000,1810264.02,1810264.02,0,1538000,1810264.02
397,774729,995800,1790000,1770529,1770529,0,1790000,1770529
398,1960593.28,158734.49,1989000,2119327.77,2119327.77,0,1989000,2119327.77
399,1698005,384420.92,2014000,2082425.92,2082425.92,0,2014000,2082425.92
401,1727180.64,323704.51,1994000,2050885.15,2050885.15,0,1994000,2050885.15
402,1448161,7216,1454987,1455377,1455377,0,1454987,1455377
404,1422082.95,14975.05,1436998,1437058,1437058,0,1436998,1437058
406,0,1770557.33,1725000,1770557.33,1770557.33,0,1725000,1770557.33
405,980466.08,73533.92,1054000,1054000,1054000,0,1054000,1054000
407,0,1054000,1054000,1054000,1054000,0,1054000,1054000
408,1068540,20640,1089000,1089180,1089180,0,1089000,1089180
409,0,1815000,1815000,1815000,1815000,0,1815000,1815000
410,0,1505160,1505000,1505160,1505160,0,1505000,1505160
411,1054551,0,1053981,1054551,1054551,0,1053981,1054551
412,1579221.77,2418.23,1569000,1581640,1581640,0,1569000,1581640
413,560032.4,661967.6,1222000,1222000,1222000,0,1222000,1222000
414,670059.5,753940.5,1424000,1424000,1424000,0,1424000,1424000
415,1082139.81,88860.19,1171000,1171000,1171000,0,1171000,1171000
416,822000.32,795846.23,1572000,1617846.55,1617846.55,0,1572000,1617846.55
417,966201.08,109596.92,1074000,1075798,1075798,0,1074000,1075798
418,1013300.99,96741.01,1054000,1110042,1110042,0,1054000,1110042
282,1381536.54,67463.46,1479000,1449000,1449000,0,1479000,1449000
419,465185,1286815,1760000,1752000,1752000,0,1760000,1752000
420,879546,262944,1140000,1142490,1142490,0,1140000,1142490
421,956348.54,841651.46,1798000,1798000,1798000,0,1798000,1798000
422,1802945,-4945,1798000,1798000,1798000,0,1798000,1798000
423,0,2139764.8,2109000,2139764.8,2139764.8,0,2109000,2139764.8
425,1293626.72,951312.44,1994000,2244939.16,2244939.16,0,1994000,2244939.16
427,0,1883446.55,1835000,1883446.55,1883446.55,0,1835000,1883446.55
426,893980.01,195999.99,1054000,1089980,1089980,0,1054000,1089980
429,704064,1400021.15,2094000,2104085.15,2104085.15,0,2094000,2104085.15
428,1445056.36,314009.62,1580000,1759065.98,1759065.98,0,1580000,1759065.98
430,1391714.29,4515.71,1437000,1396230,1396230,0,1437000,1396230
432,1640000.8,999.2,1751000,1641000,1641000,0,1751000,1641000
431,1167304.2,545933.57,1431000,1713237.77,1713237.77,0,1431000,1713237.77
433,1337676.27,58073.73,1437000,1395750,1395750,0,1437000,1395750
434,1573678.39,525279.61,2014000,2098958,2098958,0,2014000,2098958
436,1737897.33,32660,1725000,1770557.33,1770557.33,0,1725000,1770557.33
437,1089650,64437.4,1080000,1154087.4,1154087.4,0,1080000,1154087.4
438,0,1074030,1074000,1074030,1074030,0,1074000,1074030
439,1428095.79,94404.21,1552500,1522500,1522500,0,1552500,1522500
442,1467539.94,304532.06,1824000,1772072,1772072,0,1824000,1772072
441,1757757.62,63549.46,1753000,1821307.08,1821307.08,0,1753000,1821307.08
443,1522794.18,268512.9,1713000,1791307.08,1791307.08,0,1713000,1791307.08
444,1659452.51,380374.57,1959000,2039827.08,2039827.08,0,1959000,2039827.08
445,0,1450590,1450500,1450590,1450590,0,1450500,1450590
440,0,1222000,1222000,1222000,1222000,0,1222000,1222000
446,1592698.22,5656.96,1504000,1598355.18,1598355.18,0,1504000,1598355.18
447,695105,1142593.68,1538000,1837698.68,1837698.68,0,1538000,1837698.68
449,1364114.68,4492.46,1328000,1368607.14,1368607.14,0,1328000,1368607.14
448,0,1623659.6,1511000,1623659.6,1623659.6,0,1511000,1623659.6
451,395695.19,1303768.68,1495000,1699463.87,1699463.87,0,1495000,1699463.87
452,1205831.55,5481.8,1168000,1211313.35,1211313.35,0,1168000,1211313.35
453,1172332.32,144292.48,1273000,1316624.8,1316624.8,0,1273000,1316624.8
454,1519453.75,9171.05,1485000,1528624.8,1528624.8,0,1485000,1528624.8
457,1347756.54,233142.89,1380000,1580899.43,1580899.43,0,1380000,1580899.43
460,1506600,181870.89,1505000,1688470.89,1688470.89,0,1505000,1688470.89
461,1356992.83,239772.01,1560000,1596764.84,1596764.84,0,1560000,1596764.84
463,1534186.97,-13349.93,1400000,1520837.04,1520837.04,0,1400000,1520837.04
459,1609437.43,-0.39,1485000,1609437.04,1609437.04,0,1485000,1609437.04
464,0,1493031.17,1450500,1493031.17,1493031.17,0,1450500,1493031.17
466,1441495.07,59536.1,1458500,1501031.17,1501031.17,0,1458500,1501031.17
468,1199053,-6836.71,1168000,1192216.29,1192216.29,0,1168000,1192216.29
469,1295943.39,197087.78,1450500,1493031.17,1493031.17,0,1450500,1493031.17
362,1362462.58,156038.59,1455000,1518501.17,1518501.17,0,1455000,1518501.17
363,2135879.46,-9000,2044000,2126879.46,2126879.46,0,2044000,2126879.46
471,0,1406829.95,1365000,1406829.95,1406829.95,0,1365000,1406829.95
472,1167807.3,595150.03,1738000,1762957.33,1762957.33,0,1738000,1762957.33
473,1334031.8,194490.58,1485000,1528522.38,1528522.38,0,1485000,1528522.38
474,1251449.71,413507.62,1620000,1664957.33,1664957.33,0,1620000,1664957.33
475,1622402.17,44355.16,1623000,1666757.33,1666757.33,0,1623000,1666757.33
476,1226211.43,154895.71,1340500,1381107.14,1381107.14,0,1340500,1381107.14
477,0,1381107.14,1340500,1381107.14,1381107.14,0,1340500,1381107.14
478,1653901.07,12856.69,1623000,1666757.76,1666757.76,0,1623000,1666757.76
479,1476497,43260.76,1476000,1519757.76,1519757.76,0,1476000,1519757.76
480,1102642.9,72619.32,1093000,1175262.22,1175262.22,0,1093000,1175262.22
481,1709636.27,9121.06,1675000,1718757.33,1718757.33,0,1675000,1718757.33
482,1055136.19,205754.02,1113000,1260890.21,1260890.21,0,1113000,1260890.21
483,0,1194829.94,1153000,1194829.94,1194829.94,0,1153000,1194829.94
484,1203829.94,-9000,1153000,1194829.94,1194829.94,0,1153000,1194829.94
485,1149337.77,8951.23,1083000,1158289,1158289,0,1083000,1158289
486,1124787,918621,1831000,2043408,2043408,0,1831000,2043408
487,1820221,64225.55,1836000,1884446.55,1884446.55,0,1836000,1884446.55
488,1344290.05,490709.95,1835000,1835000,1835000,0,1835000,1835000
489,0,1291000,1291000,1291000,1291000,0,1291000,1291000
490,1167495,733505,1901000,1901000,1901000,0,1901000,1901000
491,1963615.81,0,1835000,1963615.81,1963615.81,0,1835000,1963615.81
492,1249192,0,1249000,1249192,1249192,0,1249000,1249192
493,935220,223609.94,1117000,1158829.94,1158829.94,0,1117000,1158829.94
494,1378210.72,150311.66,1485000,1528522.38,1528522.38,0,1485000,1528522.38
495,1213153.55,6876.39,1227000,1220029.94,1220029.94,0,1227000,1220029.94
497,1347358.95,9935.25,1299000,1357294.2,1357294.2,0,1299000,1357294.2
498,1222286.76,8035.61,1188000,1230322.37,1230322.37,0,1188000,1230322.37
499,1711874.4,0,1632000,1711874.4,1711874.4,0,1632000,1711874.4
500,1303380.73,57781.64,1305000,1361162.37,1361162.37,0,1305000,1361162.37
501,0,1314871.22,1208000,1314871.22,1314871.22,0,1208000,1314871.22
503,1596000,0,1596000,1596000,1596000,0,1596000,1596000
504,1259283.95,-32283.95,1227000,1227000,1227000,0,1227000,1227000
505,1264308.9,40691.1,1305000,1305000,1305000,0,1305000,1305000
506,1276866.6,285477.4,1611000,1562344,1562344,0,1611000,1562344
507,843010.11,154102.89,999000,997113,997113,0,999000,997113
508,808672.38,373536.52,1174000,1182208.9,1182208.9,0,1174000,1182208.9
509,1725542.39,65764.69,1713000,1791307.08,1791307.08,0,1713000,1791307.08
510,1412797.11,264429.39,1376000,1677226.5,1677226.5,0,1376000,1677226.5
511,1349820.89,49703.24,1356000,1399524.13,1399524.13,0,1356000,1399524.13
514,1922307.08,6000,1858000,1928307.08,1928307.08,0,1858000,1928307.08
515,1488956.07,522780.13,1961000,2011736.2,2011736.2,0,1961000,2011736.2
516,1239190.47,279478.66,1505000,1518669.13,1518669.13,0,1505000,1518669.13
138,1441595.85,5134.32,1385000,1446730.17,1446730.17,0,1385000,1446730.17
517,857979.32,507907.08,1152000,1365886.4,1365886.4,0,1152000,1365886.4
518,1190497.97,19615.38,1168000,1210113.35,1210113.35,0,1168000,1210113.35
519,1484900,14833.92,1297000,1499733.92,1499733.92,0,1297000,1499733.92
520,961575.49,16288.51,999000,977864,977864,0,999000,977864
521,1169949.13,1000,1055000,1170949.13,1170949.13,0,1055000,1170949.13
522,1025329.86,22366.43,1019000,1047696.29,1047696.29,0,1019000,1047696.29
524,1028129.36,49887,1034000,1078016.36,1078016.36,0,1034000,1078016.36
525,275000,793017.29,1034000,1068017.29,1068017.29,0,1034000,1068017.29
526,0,1055727.7,1019000,1055727.7,1055727.7,0,1019000,1055727.7
529,1221469.79,192905.13,1287000,1414374.92,1414374.92,0,1287000,1414374.92
530,1276073.83,20926.17,1297000,1297000,1297000,0,1297000,1297000
531,889240,144760,1034000,1034000,1034000,0,1034000,1034000
532,973358.45,60641.55,1034000,1034000,1034000,0,1034000,1034000
533,750269.49,283730.51,1034000,1034000,1034000,0,1034000,1034000
534,1316438.05,3561.95,1320000,1320000,1320000,0,1320000,1320000
535,1022820.08,11179.92,1034000,1034000,1034000,0,1034000,1034000
537,1802451.45,1487.33,1505000,1803938.78,1803938.78,0,1505000,1803938.78
538,1281672.33,281352.39,1325000,1563024.72,1563024.72,0,1325000,1563024.72
539,1025766.01,156233.99,1182000,1182000,1182000,0,1182000,1182000
540,1183112.97,78887.03,1262000,1262000,1262000,0,1262000,1262000
541,1202781.04,78904.38,1262000,1281685.42,1281685.42,0,1262000,1281685.42
543,1144617.21,158590.85,1247000,1303208.06,1303208.06,0,1247000,1303208.06
544,1544559.48,20264.65,1523000,1564824.13,1564824.13,0,1523000,1564824.13
546,1210661.41,329338.59,1540000,1540000,1540000,0,1540000,1540000
547,1363001.4,126998.6,1520000,1490000,1490000,0,1520000,1490000
550,1676195.54,-9195.54,1667000,1667000,1667000,0,1667000,1667000
551,1585346.59,66653.41,1667000,1652000,1652000,0,1667000,1652000
553,1497447.28,82552.72,1580000,1580000,1580000,0,1580000,1580000
549,0,1575000,1632000,1575000,1575000,0,1632000,1575000
554,0,1333500,1333500,1333500,1333500,0,1333500,1333500
555,1083092.32,206907.68,1290000,1290000,1290000,0,1290000,1290000
556,1002632.68,502182.5,1293000,1504815.18,1504815.18,0,1293000,1504815.18
557,1434718.26,20731.74,1450500,1455450,1455450,0,1450500,1455450
558,1191100.67,405431.33,1576000,1596532,1596532,0,1576000,1596532
559,1284858.64,25969.36,1253000,1310828,1310828,0,1253000,1310828
560,972141,190109,1160000,1162250,1162250,0,1160000,1162250
562,1450090,109005,1458500,1559095,1559095,0,1458500,1559095
564,1070721.26,18908.74,1089000,1089630,1089630,0,1089000,1089630
561,854790,659769.2,1454000,1514559.2,1514559.2,0,1454000,1514559.2
566,1660366,270291.55,1713000,1930657.55,1930657.55,0,1713000,1930657.55
567,904728.24,136271.76,1041000,1041000,1041000,0,1041000,1041000
568,1559278.32,79571.18,1560000,1638849.5,1638849.5,0,1560000,1638849.5
569,1007100,111900,1119000,1119000,1119000,0,1119000,1119000
571,0,1054174,1054174,1054174,1054174,0,1054174,1054174
572,0,1639828,1525000,1639828,1639828,0,1525000,1639828
573,538600.67,515399.33,1054000,1054000,1054000,0,1054000,1054000
574,1701633,58168,1636000,1759801,1759801,0,1636000,1759801
575,0,1610000,1610000,1610000,1610000,0,1610000,1610000
576,1139201,300745,1360500,1439946,1439946,0,1360500,1439946
577,895131.61,179245.39,1074000,1074377,1074377,0,1074000,1074377
579,1121784,-2784,1119000,1119000,1119000,0,1119000,1119000
552,1717023.43,176976.57,1894000,1894000,1894000,0,1894000,1894000
582,2161374.8,121254.49,1796000,2282629.29,2282629.29,0,1796000,2282629.29
584,1022436.43,311563.57,1334000,1334000,1334000,0,1334000,1334000
583,1259509.08,39490.92,1299000,1299000,1299000,0,1299000,1299000
585,1436052.37,336904.96,1748000,1772957.33,1772957.33,0,1748000,1772957.33
586,1600430.39,75327.37,1640000,1675757.76,1675757.76,0,1640000,1675757.76
587,903035,727093,1680000,1630128,1630128,0,1680000,1630128
589,789290,900710,1690000,1690000,1690000,0,1690000,1690000
590,1354586.96,61413.04,1416000,1416000,1416000,0,1416000,1416000
591,1036561,185439,1222000,1222000,1222000,0,1222000,1222000
592,944321.91,109678.09,1054000,1054000,1054000,0,1054000,1054000
593,0,1029000,1029000,1029000,1029000,0,1029000,1029000
588,1495784,-2784,1493000,1493000,1493000,0,1493000,1493000
594,1200000,341000,1541000,1541000,1541000,0,1541000,1541000
595,1247345.47,51654.53,1307000,1299000,1299000,0,1307000,1299000
597,1246570.8,60429.2,1307000,1307000,1307000,0,1307000,1307000
598,1439430,258209,1632000,1697639,1697639,0,1632000,1697639
599,0,1640952.17,1599000,1640952.17,1640952.17,0,1599000,1640952.17
600,1343194.43,242990.93,1541000,1586185.36,1586185.36,0,1541000,1586185.36
601,0,1458500,1458500,1458500,1458500,0,1458500,1458500
602,1234359.8,244140.2,1478500,1478500,1478500,0,1478500,1478500
603,1345039.15,24960.85,1360000,1370000,1370000,0,1360000,1370000
604,1074000,73141.89,1055000,1147141.89,1147141.89,0,1055000,1147141.89
606,731531.75,294468.25,1034000,1026000,1026000,0,1034000,1026000
607,1083546,10000,1034000,1093546,1093546,0,1034000,1093546
608,0,1336522.38,1293000,1336522.38,1336522.38,0,1293000,1336522.38
609,1745363.99,409399.81,1894000,2154763.8,2154763.8,0,1894000,2154763.8
610,1254000,-4000,1250000,1250000,1250000,0,1250000,1250000
611,1401780.21,83219.79,1485000,1485000,1485000,0,1485000,1485000
612,2209871.05,0,2181000,2209871.05,2209871.05,0,2181000,2209871.05
613,1849208.23,24221.47,1677000,1873429.7,1873429.7,0,1677000,1873429.7
614,874984.03,438367.97,1313000,1313352,1313352,0,1313000,1313352
617,1254576.2,4923.8,1227000,1259500,1259500,0,1227000,1259500
618,0,1068000,1068000,1068000,1068000,0,1068000,1068000
619,1220526.14,344937.99,1511000,1565464.13,1565464.13,0,1511000,1565464.13
620,1362985.6,301938.53,1579000,1664924.13,1664924.13,0,1579000,1664924.13
621,799988.32,602635.81,1392000,1402624.13,1402624.13,0,1392000,1402624.13
622,1189151.25,231472.88,1410000,1420624.13,1420624.13,0,1410000,1420624.13
623,828420,977245.07,1542000,1805665.07,1805665.07,0,1542000,1805665.07
626,1484198.42,-6446.25,1437000,1477752.17,1477752.17,0,1437000,1477752.17
629,1372184.53,74095.82,1393000,1446280.35,1446280.35,0,1393000,1446280.35
630,540832.56,894131.47,1386000,1434964.03,1434964.03,0,1386000,1434964.03
631,0,1522952.17,1523000,1522952.17,1522952.17,0,1523000,1522952.17
632,0,1068000,1068000,1068000,1068000,0,1068000,1068000
633,1534180.64,-49783.23,1416000,1484397.41,1484397.41,0,1416000,1484397.41
634,975194.93,126954.74,1034000,1102149.67,1102149.67,0,1034000,1102149.67
637,1512506,273494,1836000,1786000,1786000,0,1836000,1786000
638,864759.82,197079.92,1009000,1061839.74,1061839.74,0,1009000,1061839.74
640,0,1418056.86,1293000,1418056.86,1418056.86,0,1293000,1418056.86
641,389857.97,1053782.03,1461000,1443640,1443640,0,1461000,1443640
643,1498862,-7222,1479000,1491640,1491640,0,1479000,1491640
642,1598111.85,45888.15,1644000,1644000,1644000,0,1644000,1644000
636,517566.45,1058788.81,1570000,1576355.26,1576355.26,0,1570000,1576355.26
644,1225233.45,226417.45,1277500,1451650.9,1451650.9,0,1277500,1451650.9
645,1113503,429450.91,1293000,1542953.91,1542953.91,0,1293000,1542953.91
647,1300725.09,98799.04,1356000,1399524.13,1399524.13,0,1356000,1399524.13
649,1001158.15,27841.85,1029000,1029000,1029000,0,1029000,1029000
651,1278000,595800,1878000,1873800,1873800,0,1878000,1873800
654,1200102.17,113768.66,1313000,1313870.83,1313870.83,0,1313000,1313870.83
655,685238,403762,1089000,1089000,1089000,0,1089000,1089000
656,0,1129890,1054000,1129890,1129890,0,1054000,1129890
657,1257519.84,158505.59,1249000,1416025.43,1416025.43,0,1249000,1416025.43
658,597394.1,644605.9,1242000,1242000,1242000,0,1242000,1242000
660,0,1054000,1054000,1054000,1054000,0,1054000,1054000
661,1017921.99,36078.01,1054000,1054000,1054000,0,1054000,1054000
659,1274613.9,38386.1,1328000,1313000,1313000,0,1328000,1313000
663,0,1054000,1054000,1054000,1054000,0,1054000,1054000
662,0,1458500,1458500,1458500,1458500,0,1458500,1458500
664,0,1119000,1119000,1119000,1119000,0,1119000,1119000
665,1273475,67025,1340500,1340500,1340500,0,1340500,1340500
666,1124418.36,-5418.36,1119000,1119000,1119000,0,1119000,1119000
670,0,1140000,1140000,1140000,1140000,0,1140000,1140000
672,1054976.39,13023.61,1068000,1068000,1068000,0,1068000,1068000
668,0,1105604.25,1093000,1105604.25,1105604.25,0,1093000,1105604.25
673,1060068.04,158975.15,1093000,1219043.19,1219043.19,0,1093000,1219043.19
674,0,1076000,1074000,1076000,1076000,0,1074000,1076000
669,0,1054000,1054000,1054000,1054000,0,1054000,1054000
667,1551974,84026,1636000,1636000,1636000,0,1636000,1636000
675,1303788.27,12889.3,1297000,1316677.57,1316677.57,0,1297000,1316677.57
676,0,1084188.66,1034000,1084188.66,1084188.66,0,1034000,1084188.66
678,1014742.15,28646.77,1019000,1043388.92,1043388.92,0,1019000,1043388.92
680,754323,313744.59,1034000,1068067.59,1068067.59,0,1034000,1068067.59
679,1101546.76,88342.26,1066000,1189889.02,1189889.02,0,1066000,1189889.02
681,1260499.02,-9000,1089000,1251499.02,1251499.02,0,1089000,1251499.02
682,0,1200329.02,1074000,1200329.02,1200329.02,0,1074000,1200329.02
683,827999.57,301534.45,1089000,1129534.02,1129534.02,0,1089000,1129534.02
685,1018608.79,2364.42,1019000,1020973.21,1020973.21,0,1019000,1020973.21
686,1258401.99,16800.85,1262000,1275202.84,1275202.84,0,1262000,1275202.84
687,997743.03,26001.18,1019000,1023744.21,1023744.21,0,1019000,1023744.21
688,1050428.67,0,1019000,1050428.67,1050428.67,0,1019000,1050428.67
689,1235870.86,10937.46,1202000,1246808.32,1246808.32,0,1202000,1246808.32
677,1322570.97,510036.05,1513500,1832607.02,1832607.02,0,1513500,1832607.02
691,1471987.63,236498.42,1636000,1708486.05,1708486.05,0,1636000,1708486.05
692,1286200.65,301257.4,1610000,1587458.05,1587458.05,0,1610000,1587458.05
694,1414004.25,267453.8,1636000,1681458.05,1681458.05,0,1636000,1681458.05
693,1095931.6,6295.19,1080000,1102226.79,1102226.79,0,1080000,1102226.79
695,1280454.71,-1159.96,1089000,1279294.75,1279294.75,0,1089000,1279294.75
696,1224007.95,71380.2,1285000,1295388.15,1295388.15,0,1285000,1295388.15
690,1476169,241063.37,1427000,1717232.37,1717232.37,0,1427000,1717232.37
698,1139262.25,317737.75,1457000,1457000,1457000,0,1457000,1457000
699,1189334.38,88639.58,1262000,1277973.96,1277973.96,0,1262000,1277973.96
701,1172857.74,1047142.26,2230000,2220000,2220000,0,2230000,2220000
703,1640392.23,302776.21,1654000,1943168.44,1943168.44,0,1654000,1943168.44
704,526688.79,922311.21,1479000,1449000,1449000,0,1479000,1449000
705,0,1461000,1461000,1461000,1461000,0,1461000,1461000
707,1603504.37,36495.63,1606673.5,1640000,1640000,0,1606673.5,1640000
706,2056000,0,2126000,2056000,2056000,0,2126000,2056000
708,1381970.8,115029.2,1497000,1497000,1497000,0,1497000,1497000
711,714211.1,589173.56,1299000,1303384.66,1303384.66,0,1299000,1303384.66
716,1324096,-11000,1313000,1313096,1313096,0,1313000,1313096
712,1089226,681132,1768888,1770358,1770358,0,1768888,1770358
717,1237498.36,325042.48,1519000,1562540.84,1562540.84,0,1519000,1562540.84
721,1745363.99,409399.87,1894000,2154763.86,2154763.86,0,1894000,2154763.86
723,1398581.21,106905.25,1505000,1505486.46,1505486.46,0,1505000,1505486.46
725,1226410,227590,1454000,1454000,1454000,0,1454000,1454000
726,1394400.03,1599.97,1396000,1396000,1396000,0,1396000,1396000
720,2012566,43434,2126000,2056000,2056000,0,2126000,2056000
727,1597744.92,283444.99,1647000,1881189.91,1881189.91,0,1647000,1881189.91
728,1029400.24,401599.76,1461000,1431000,1431000,0,1461000,1431000
730,1489222.95,114777.05,1654000,1604000,1604000,0,1654000,1604000
731,2541701.3,0,2181000,2541701.3,2541701.3,0,2181000,2541701.3
733,1588173.26,55826.74,1644000,1644000,1644000,0,1644000,1644000
734,1230376.16,110283.2,1279000,1340659.36,1340659.36,0,1279000,1340659.36
736,865948.14,841051.86,1737000,1707000,1707000,0,1737000,1707000
735,1563775.4,-2.32831E-10,1454000,1563775.4,1563775.4,0,1454000,1563775.4
737,0,1348522.38,1305000,1348522.38,1348522.38,0,1305000,1348522.38
738,1224350.22,199121.45,1299000,1423471.67,1423471.67,0,1299000,1423471.67
739,1061324.76,200499.24,1260000,1261824,1261824,0,1260000,1261824
740,0,1370460.99,1299000,1370460.99,1370460.99,0,1299000,1370460.99
742,1776341,117659,1894000,1894000,1894000,0,1894000,1894000
741,0,1894000,1894000,1894000,1894000,0,1894000,1894000
743,0,2332709.1,1647000,2332709.1,2332709.1,0,1647000,2332709.1
744,1230627,230373,1461000,1461000,1461000,0,1461000,1461000
745,0,1334000,1334000,1334000,1334000,0,1334000,1334000
746,0,1334000,1334000,1334000,1334000,0,1334000,1334000
749,1316206.83,17315.54,1305000,1333522.37,1333522.37,0,1305000,1333522.37
751,1357624,246376,1654000,1604000,1604000,0,1654000,1604000
752,1583165.82,93510.18,1667000,1676676,1676676,0,1667000,1676676
750,1705366,486480.45,2181000,2191846.45,2191846.45,0,2181000,2191846.45
753,1432543.78,8456.22,1461000,1441000,1441000,0,1461000,1441000
755,1270569.59,183133.08,1305000,1453702.67,1453702.67,0,1305000,1453702.67
757,1135080.13,116656.27,1250000,1251736.4,1251736.4,0,1250000,1251736.4
758,0,2161537.96,1644000,2161537.96,2161537.96,0,1644000,2161537.96
759,0,1984960.45,1878000,1984960.45,1984960.45,0,1878000,1984960.45
761,1111583,201417,1313000,1313000,1313000,0,1313000,1313000
762,1086737.2,717567.32,1647000,1804304.52,1804304.52,0,1647000,1804304.52
763,933091.47,250908.53,1184000,1184000,1184000,0,1184000,1184000
767,1685786.08,101732.66,1847000,1787518.74,1787518.74,0,1847000,1787518.74
764,1028841.1,382158.9,1461000,1411000,1411000,0,1461000,1411000
768,1175148.27,309856.49,1334000,1485004.76,1485004.76,0,1334000,1485004.76
769,1455636.95,98118.03,1537000,1553754.98,1553754.98,0,1537000,1553754.98
770,1388313.4,245686.6,1654000,1634000,1634000,0,1654000,1634000
773,1083702.7,456297.3,1530000,1540000,1540000,0,1530000,1540000
772,0,1760448.08,1665000,1760448.08,1760448.08,0,1665000,1760448.08
771,1424615.87,62384.13,1487000,1487000,1487000,0,1487000,1487000
774,1980518.75,249481.25,2230000,2230000,2230000,0,2230000,2230000
775,1314402.9,156597.1,1479000,1471000,1471000,0,1479000,1471000
776,1630237,390000,2010900,2020237,2020237,0,2010900,2020237
779,1247591.69,7100.31,1249000,1254692,1254692,0,1249000,1254692
778,1348624.8,0,1305000,1348624.8,1348624.8,0,1305000,1348624.8
781,1277971.07,72004.05,1305000,1349975.12,1349975.12,0,1305000,1349975.12
782,1101512.85,208969.02,1184000,1310481.87,1310481.87,0,1184000,1310481.87
777,1348522.38,0,1305000,1348522.38,1348522.38,0,1305000,1348522.38
784,1248998.51,1.49,1249000,1249000,1249000,0,1249000,1249000
786,1168353.32,15646.68,1184000,1184000,1184000,0,1184000,1184000
785,0,1184000,1184000,1184000,1184000,0,1184000,1184000
788,992057,682900.33,1630000,1674957.33,1674957.33,0,1630000,1674957.33
789,768197,530803,1299000,1299000,1299000,0,1299000,1299000
792,1106575.6,139424.4,1246000,1246000,1246000,0,1246000,1246000
791,0,1454032,1454000,1454032,1454032,0,1454000,1454032
793,1127344.1,313655.9,1461000,1441000,1441000,0,1461000,1441000
794,1829772.35,141059.65,1970657,1970832,1970832,0,1970657,1970832
795,0,1283000,1291000,1283000,1283000,0,1291000,1283000
796,1290924.07,249075.93,1530000,1540000,1540000,0,1530000,1540000
804,1796260.88,81739.12,1878000,1878000,1878000,0,1878000,1878000
805,1314515.75,289484.25,1654000,1604000,1604000,0,1654000,1604000
806,1839058.05,187,1780000,1839245.05,1839245.05,0,1780000,1839245.05
809,1222610.66,267419.29,1497000,1490029.95,1490029.95,0,1497000,1490029.95
812,0,1554484,1552500,1554484,1554484,0,1552500,1554484
814,1847242.27,30757.73,1878000,1878000,1878000,0,1878000,1878000
817,1850446.11,730805.09,2181000,2581251.2,2581251.2,0,2181000,2581251.2
818,1278415.21,55584.79,1334000,1334000,1334000,0,1334000,1334000
819,719252.88,960000,1537000,1679252.88,1679252.88,0,1537000,1679252.88
816,1228346,119654,1396000,1348000,1348000,0,1396000,1348000
822,1334260.49,-260.49,1334000,1334000,1334000,0,1334000,1334000
823,1781260.12,114964.94,1712000,1896225.06,1896225.06,0,1712000,1896225.06
824,902178.6,967821.4,1878000,1870000,1870000,0,1878000,1870000
799,2449979.59,102794.29,2181000,2552773.88,2552773.88,0,2181000,2552773.88
825,1567417.04,40582.96,1608000,1608000,1608000,0,1608000,1608000
829,0,1279000,1279000,1279000,1279000,0,1279000,1279000
828,1250000,0,1250000,1250000,1250000,0,1250000,1250000
827,931617,507383,1479000,1439000,1439000,0,1479000,1439000
831,922730,599270,1530000,1522000,1522000,0,1530000,1522000
833,1981504.3,0,1530000,1981504.3,1981504.3,0,1530000,1981504.3
832,1042434,193566,1236000,1236000,1236000,0,1236000,1236000
835,0,1260000,1260000,1260000,1260000,0,1260000,1260000
836,0,1250000,1250000,1250000,1250000,0,1250000,1250000
826,0,1601000,1601000,1601000,1601000,0,1601000,1601000
838,1825606.64,10393.36,1836000,1836000,1836000,0,1836000,1836000
798,1942773,113227,2126000,2056000,2056000,0,2126000,2056000
839,1575593.99,272406.01,1878000,1848000,1848000,0,1878000,1848000
840,1590820.05,88179.95,1687000,1679000,1679000,0,1687000,1679000
843,1360169.17,376893.03,1712000,1737062.2,1737062.2,0,1712000,1737062.2
844,1240571,593429,1894000,1834000,1834000,0,1894000,1834000
845,1351845,313155,1665000,1665000,1665000,0,1665000,1665000
847,511744.98,747255.02,1279000,1259000,1259000,0,1279000,1259000
849,1302799.34,207200.66,1530000,1510000,1510000,0,1530000,1510000
848,1435644.72,28970.46,1305000,1464615.18,1464615.18,0,1305000,1464615.18
850,1211210,57790,1279000,1269000,1269000,0,1279000,1269000
851,1162786,700825,1884021,1863611,1863611,0,1884021,1863611
853,1292757.66,-1117.66,1279000,1291640,1291640,0,1279000,1291640
855,2113372.02,209014.82,2126000,2322386.84,2322386.84,0,2126000,2322386.84
856,1133000,58000,1236000,1191000,1191000,0,1236000,1191000
857,0,1760000,1745000,1760000,1760000,0,1745000,1760000
859,0,2330806,2181000,2330806,2330806,0,2181000,2330806
860,0,2330806,2181000,2330806,2330806,0,2181000,2330806
858,0,1262758.7,1260000,1262758.7,1262758.7,0,1260000,1262758.7
861,459376.1,1059191.9,1530000,1518568,1518568,0,1530000,1518568
862,1256460,204540,1461000,1461000,1461000,0,1461000,1461000
863,1684863,-7223,1665000,1677640,1677640,0,1665000,1677640
864,1474000,0,1519000,1474000,1474000,0,1519000,1474000
865,902740.5,727259.5,1630000,1630000,1630000,0,1630000,1630000
867,1917683.17,189660.97,1630000,2107344.14,2107344.14,0,1630000,2107344.14
870,1823000,0,1913000,1823000,1823000,0,1913000,1823000
869,665545.84,508454.16,1184000,1174000,1174000,0,1184000,1174000
871,1465011.03,-4011.03,1519000,1461000,1461000,0,1519000,1461000
872,0,1660000,1690000,1660000,1660000,0,1690000,1660000
874,1807639.93,178777.58,1914000,1986417.51,1986417.51,0,1914000,1986417.51
875,1815951.93,0,1260000,1815951.93,1815951.93,0,1260000,1815951.93
876,1781163.69,-6844,1690000,1774319.69,1774319.69,0,1690000,1774319.69
877,1118094.96,249999.44,1260000,1368094.4,1368094.4,0,1260000,1368094.4
878,0,1884715.42,1334000,1884715.42,1884715.42,0,1334000,1884715.42
880,1269000,0,1279000,1269000,1269000,0,1279000,1269000
879,1231702,143380.55,1184000,1375082.55,1375082.55,0,1184000,1375082.55
883,1454783.31,1059279.1,2181000,2514062.41,2514062.41,0,2181000,2514062.41
881,1604000,0,1632000,1604000,1604000,0,1632000,1604000
887,0,1289000,1299000,1289000,1289000,0,1299000,1289000
884,1128067.85,45932.15,1184000,1174000,1174000,0,1184000,1174000
888,860514.46,905903,1745000,1766417.46,1766417.46,0,1745000,1766417.46
886,1126169,314831,1461000,1441000,1441000,0,1461000,1441000
889,1326201.61,83798.39,1427500,1410000,1410000,0,1427500,1410000
892,1396426.02,241531.31,1608000,1637957.33,1637957.33,0,1608000,1637957.33
893,1212000,0,1252000,1212000,1212000,0,1252000,1212000
894,1431096.87,172903.13,1654000,1604000,1604000,0,1654000,1604000
895,1827013.35,0,1762000,1827013.35,1827013.35,0,1762000,1827013.35
896,1389478.16,240332.12,1236000,1629810.28,1629810.28,0,1236000,1629810.28
897,1572000,0,1580000,1572000,1572000,0,1580000,1572000
898,0,1662288.5,1606673.5,1662288.5,1662288.5,0,1606673.5,1662288.5
901,1199930,90070,1305000,1290000,1290000,0,1305000,1290000
900,0,1251015.24,1250000,1251015.24,1251015.24,0,1250000,1251015.24
902,1025225,549775,1570000,1575000,1575000,0,1570000,1575000
905,1357913.9,43586.1,1427500,1401500,1401500,0,1427500,1401500
906,1246984,450016,1697000,1697000,1697000,0,1697000,1697000
907,2050884,-4500,2126000,2046384,2046384,0,2126000,2046384
903,1364680.62,132319.38,1497000,1497000,1497000,0,1497000,1497000
909,1124749.78,146250.22,1279000,1271000,1271000,0,1279000,1271000
911,1646859.41,50140.59,1697000,1697000,1697000,0,1697000,1697000
912,1506594.6,1412.43,1505000,1508007.03,1508007.03,0,1505000,1508007.03
913,1150285.39,203714.61,1354000,1354000,1354000,0,1354000,1354000
914,936265.02,885661.98,1841262,1821927,1821927,0,1841262,1821927
917,2033319.83,12680.17,2126000,2046000,2046000,0,2126000,2046000
918,1140000,612954.94,1537000,1752954.94,1752954.94,0,1537000,1752954.94
920,1146730.8,1383034.38,2181000,2529765.18,2529765.18,0,2181000,2529765.18
919,1513990,324010,1878000,1838000,1838000,0,1878000,1838000
922,1213738.44,140261.56,1354000,1354000,1354000,0,1354000,1354000
923,1299000,0,1299000,1299000,1299000,0,1299000,1299000
924,1280899.74,-5418.36,1260000,1275481.38,1275481.38,0,1260000,1275481.38
925,1247567.72,149996.28,1427500,1397564,1397564,0,1427500,1397564
927,1266960.9,32039.1,1299000,1299000,1299000,0,1299000,1299000
930,571337.53,689302.82,1260000,1260640.35,1260640.35,0,1260000,1260640.35
928,922561.24,376438.76,1299000,1299000,1299000,0,1299000,1299000
932,969797.91,762202.09,1732000,1732000,1732000,0,1732000,1732000
933,1773079,81488,1841262,1854567,1854567,0,1841262,1854567
934,1507820.03,29179.97,1537000,1537000,1537000,0,1537000,1537000
931,1268257.03,48516.69,1250000,1316773.72,1316773.72,0,1250000,1316773.72
935,1212782,92218,1305000,1305000,1305000,0,1305000,1305000
936,533290,800710,1334000,1334000,1334000,0,1334000,1334000
937,1371855.47,254784.53,1644000,1626640,1626640,0,1644000,1626640
938,1662507,542819.75,2181000,2205326.75,2205326.75,0,2181000,2205326.75
940,1480999.91,270000.09,1751000,1751000,1751000,0,1751000,1751000
941,0,1770000,1830000,1770000,1770000,0,1830000,1770000
942,1250399,440800.31,1690000,1691199.31,1691199.31,0,1690000,1691199.31
943,1596483.2,0,1313000,1596483.2,1596483.2,0,1313000,1596483.2
946,0,1191000,1299000,1191000,1191000,0,1299000,1191000
944,1222029.17,127241.47,1305000,1349270.64,1349270.64,0,1305000,1349270.64
945,1847000,155790.73,1878000,2002790.73,2002790.73,0,1878000,2002790.73
948,1700000,0,1690000,1700000,1700000,0,1690000,1700000
950,1261391.9,92608.1,1354000,1354000,1354000,0,1354000,1354000
951,1010937,200703,1199000,1211640,1211640,0,1199000,1211640
952,1744801,128527,1847000,1873328,1873328,0,1847000,1873328
953,1293545.42,11454.58,1305000,1305000,1305000,0,1305000,1305000
956,1500000,364000,1894000,1864000,1864000,0,1894000,1864000
958,1309060,-5420,1291000,1303640,1303640,0,1291000,1303640
955,1878000,82805,1878000,1960805,1960805,0,1878000,1960805
959,1456000,0,1461000,1456000,1456000,0,1461000,1456000
954,1295243.67,74756.33,1380000,1370000,1370000,0,1380000,1370000
962,1153826.56,96173.44,1250000,1250000,1250000,0,1250000,1250000
963,1811065.98,653376.72,2181000,2464442.7,2464442.7,0,2181000,2464442.7
964,1040128,200000,1260000,1240128,1240128,0,1260000,1240128
965,1279756.3,19243.7,1299000,1299000,1299000,0,1299000,1299000
967,589801,699199,1299000,1289000,1289000,0,1299000,1289000
968,847133.42,849256.58,1686500,1696390,1696390,0,1686500,1696390
971,679603,857397,1537000,1537000,1537000,0,1537000,1537000
972,1730450,133550,1894000,1864000,1864000,0,1894000,1864000
973,1653840.16,105606.39,1751000,1759446.55,1759446.55,0,1751000,1759446.55
974,0,1737000,1722000,1737000,1737000,0,1722000,1737000
976,1251026.13,146473.87,1427500,1397500,1397500,0,1427500,1397500
979,1271344,47296,1314000,1318640,1318640,0,1314000,1318640
980,482500,1097200,1568000,1579700,1579700,0,1568000,1579700
978,1568000,0,1568000,1568000,1568000,0,1568000,1568000
983,1725561.4,301555.6,1968000,2027117,2027117,0,1968000,2027117
975,398550.8,994258,1389184,1392808.8,1392808.8,0,1389184,1392808.8
977,1295815.76,22706.62,1305000,1318522.38,1318522.38,0,1305000,1318522.38
985,1434000,0,1454000,1434000,1434000,0,1454000,1434000
986,1480373.1,6626.9,1487000,1487000,1487000,0,1487000,1487000
987,1205000,856000,2126000,2061000,2061000,0,2126000,2061000
988,1231935,290565,1527500,1522500,1522500,0,1527500,1522500
989,1280040.91,27632.81,1250000,1307673.72,1307673.72,0,1250000,1307673.72
982,1007034.8,916965.2,1924000,1924000,1924000,0,1924000,1924000
981,1727060,128940,1894000,1856000,1856000,0,1894000,1856000
984,1258260.5,355739.5,1644000,1614000,1614000,0,1644000,1614000
990,1371231.45,51530.95,1249000,1422762.4,1422762.4,0,1249000,1422762.4
992,1837785.41,26214.59,1894000,1864000,1864000,0,1894000,1864000
993,1383532.17,311478.82,1712000,1695010.99,1695010.99,0,1712000,1695010.99
994,1099876.34,76123.66,1184000,1176000,1176000,0,1184000,1176000
995,1726941,137059,1894000,1864000,1864000,0,1894000,1864000
996,1755046.65,290953.35,2126000,2046000,2046000,0,2126000,2046000
999,1864000,0,1894000,1864000,1864000,0,1894000,1864000
998,0,1589738.58,1537000,1589738.58,1589738.58,0,1537000,1589738.58
997,1158987.33,191637.47,1305000,1350624.8,1350624.8,0,1305000,1350624.8
1000,499000,850000,1380000,1349000,1349000,0,1380000,1349000
765,1732000,0,1732000,1732000,1732000,0,1732000,1732000
1002,1308522.38,82741.51,1305000,1391263.89,1391263.89,0,1305000,1391263.89
1001,1132640,51360,1184000,1184000,1184000,0,1184000,1184000
1003,1446281.7,47619.93,1519000,1493901.63,1493901.63,0,1519000,1493901.63
1004,1354000,0,1354000,1354000,1354000,0,1354000,1354000
1007,925635,551941,1537000,1477576,1477576,0,1537000,1477576
1009,1155524.43,99115.57,1252000,1254640,1254640,0,1252000,1254640
1008,2031026.1,14973.9,2126000,2046000,2046000,0,2126000,2046000
1011,1834000,131581.6,1894000,1965581.6,1965581.6,0,1894000,1965581.6
1012,1485038.56,355057.49,1299000,1840096.05,1840096.05,0,1299000,1840096.05
1014,1506959.64,10000,1602000,1516959.64,1516959.64,0,1602000,1516959.64
1015,1242342.19,70244.61,1299000,1312586.8,1312586.8,0,1299000,1312586.8
1013,0,1610000,1690000,1610000,1610000,0,1690000,1610000
1017,1183163.64,93019.38,1279000,1276183.02,1276183.02,0,1279000,1276183.02
1018,1112162.8,197444,1299000,1309606.8,1309606.8,0,1299000,1309606.8
1019,1519669.7,266353.32,1823490.02,1786023.02,1786023.02,0,1823490.02,1786023.02
1021,839400,1250600,2161000,2090000,2090000,0,2161000,2090000
1022,1851238,0,1851000,1851238,1851238,0,1851000,1851238
1023,1474547.49,-13627.49,1519000,1460920,1460920,0,1519000,1460920
1024,1510000,0,1550000,1510000,1510000,0,1550000,1510000
1025,1761422.29,703020.41,2181000,2464442.7,2464442.7,0,2181000,2464442.7
1026,1494067.24,0,1519000,1494067.24,1494067.24,0,1519000,1494067.24
1029,0,2112363.07,1751000,2112363.07,2112363.07,0,1751000,2112363.07
1028,1080001,186999,1277000,1267000,1267000,0,1277000,1267000
1030,1560000,0,1550000,1560000,1560000,0,1550000,1560000
1031,1934320,255249.42,2181000,2189569.42,2189569.42,0,2181000,2189569.42
1032,1528000,0,1568000,1528000,1528000,0,1568000,1528000
1034,1515170.79,419297.17,1830000,1934467.96,1934467.96,0,1830000,1934467.96
1035,0,1637308.26,1537000,1637308.26,1637308.26,0,1537000,1637308.26
1036,1361120,288471.84,1519000,1649591.84,1649591.84,0,1519000,1649591.84
1037,1800229,547499.16,2181000,2347728.16,2347728.16,0,2181000,2347728.16
1039,1463452.71,382638.74,1732000,1846091.45,1846091.45,0,1732000,1846091.45
1040,0,2107865.6,2151000,2107865.6,2107865.6,0,2151000,2107865.6
1041,1306340,212660,1519000,1519000,1519000,0,1519000,1519000
1043,1201706.42,537740.13,1751000,1739446.55,1739446.55,0,1751000,1739446.55
1046,1698900,141355,1690000,1840255,1840255,0,1690000,1840255
1047,1586873.46,0,1519000,1586873.46,1586873.46,0,1519000,1586873.46
1048,1627420.24,-11000,1519000,1616420.24,1616420.24,0,1519000,1616420.24
1049,1663000,164990.88,1762000,1827990.88,1827990.88,0,1762000,1827990.88
1050,1251000,0,1291000,1251000,1251000,0,1291000,1251000
1052,1327003.62,38078.93,1184000,1365082.55,1365082.55,0,1184000,1365082.55
1051,0,1587000,1577000,1587000,1587000,0,1577000,1587000
1053,1193610.39,212921.42,1299000,1406531.81,1406531.81,0,1299000,1406531.81
1054,1689025.47,0,1751000,1689025.47,1689025.47,0,1751000,1689025.47
1056,1602000,0,1602000,1602000,1602000,0,1602000,1602000
1055,1276510,291490,1568000,1568000,1568000,0,1568000,1568000
1057,1422925.84,-4500,1454000,1418425.84,1418425.84,0,1454000,1418425.84
1059,1315404.14,186555.5,1602000,1501959.64,1501959.64,0,1602000,1501959.64
1060,1814946.55,-4500,1762000,1810446.55,1810446.55,0,1762000,1810446.55
1062,0,1487000,1487000,1487000,1487000,0,1487000,1487000
1063,1119120,552880,1732000,1672000,1672000,0,1732000,1672000
1064,1195446.14,16553.86,1260000,1212000,1212000,0,1260000,1212000
1065,1294000,85800,1334000,1379800,1379800,0,1334000,1379800
1066,500000,794000,1324000,1294000,1294000,0,1324000,1294000
1068,1775038.88,0,1644000,1775038.88,1775038.88,0,1644000,1775038.88
1069,1576650.53,286045.83,1745000,1862696.36,1862696.36,0,1745000,1862696.36
1071,846885,493115,1380000,1340000,1340000,0,1380000,1340000
1073,1657266.85,276073.67,1770000,1933340.52,1933340.52,0,1770000,1933340.52
1072,0,2263121.57,2181000,2263121.57,2263121.57,0,2181000,2263121.57
1074,1277596,-4500,1313000,1273096,1273096,0,1313000,1273096
1075,1088057.34,578255.21,1602000,1666312.55,1666312.55,0,1602000,1666312.55
1076,1359192.97,20807.03,1380000,1380000,1380000,0,1380000,1380000
1078,670344.73,1555857.12,2201000,2226201.85,2226201.85,0,2201000,2226201.85
1077,1581227,373355.27,1762000,1954582.27,1954582.27,0,1762000,1954582.27
1080,1255596.93,69403.07,1325000,1325000,1325000,0,1325000,1325000
1079,951426.57,260573.43,1252000,1212000,1212000,0,1252000,1212000
1083,1630000,0,1690000,1630000,1630000,0,1690000,1630000
1084,0,1597931.17,1553000,1597931.17,1597931.17,0,1553000,1597931.17
1086,0,1438866.9,1299000,1438866.9,1438866.9,0,1299000,1438866.9
1085,1071409.49,208230.51,1277000,1279640,1279640,0,1277000,1279640
1087,1619773.69,32226.31,1762000,1652000,1652000,0,1762000,1652000
1089,1640651.87,11348.13,1762000,1652000,1652000,0,1762000,1652000
1093,1641000,0,1751000,1641000,1641000,0,1751000,1641000
1094,1727152.14,291954.68,1698000,2019106.82,2019106.82,0,1698000,2019106.82
1096,2170970,136081.85,2181000,2307051.85,2307051.85,0,2181000,2307051.85
1097,1820428,-8864,1830000,1811564,1811564,0,1830000,1811564
1098,905660,746340,1762000,1652000,1652000,0,1762000,1652000
1099,1237999.05,0.95,1305000,1238000,1238000,0,1305000,1238000
1100,1247959.91,198645.64,1299000,1446605.55,1446605.55,0,1299000,1446605.55
1101,1402171.4,229672.9,1519000,1631844.3,1631844.3,0,1519000,1631844.3
1102,1689730.97,295194.55,1550000,1984925.52,1984925.52,0,1550000,1984925.52
1103,1248615,220385,1519000,1469000,1469000,0,1519000,1469000
1106,990135,168865,1199000,1159000,1159000,0,1199000,1159000
1107,1956441.13,466830.57,2196000,2423271.7,2423271.7,0,2196000,2423271.7
1109,2042720,65145.6,2151000,2107865.6,2107865.6,0,2151000,2107865.6
1110,1282856.77,43797.23,1299000,1326654,1326654,0,1299000,1326654
1112,1476045,51955,1568000,1528000,1528000,0,1568000,1528000
1114,908881.34,631565.21,1602000,1540446.55,1540446.55,0,1602000,1540446.55
1113,1640821.53,173550.3,1399000,1814371.83,1814371.83,0,1399000,1814371.83
1115,1424815.52,137659.5,1672475.02,1562475.02,1562475.02,0,1672475.02,1562475.02
1116,0,1751000,1751000,1751000,1751000,0,1751000,1751000
1117,1270422.21,5500,1313000,1275922.21,1275922.21,0,1313000,1275922.21
1119,1295307.04,18044.96,1313000,1313352,1313352,0,1313000,1313352
1120,1451250,1750,1553000,1453000,1453000,0,1553000,1453000
1121,1246467.05,281532.95,1568000,1528000,1528000,0,1568000,1528000
1125,1178191.56,467192.51,1665000,1645384.07,1645384.07,0,1665000,1645384.07
1124,1725896.4,243177.83,1968000,1969074.23,1969074.23,0,1968000,1969074.23
1126,1683072,6928,1690000,1690000,1690000,0,1690000,1690000
1128,1100044.81,1121181.33,1968000,2221226.14,2221226.14,0,1968000,2221226.14
1130,1300945.74,234504.02,1590000,1535449.76,1535449.76,0,1590000,1535449.76
1132,590000,714000,1304000,1304000,1304000,0,1304000,1304000
1134,1643606.52,45418.95,1751000,1689025.47,1689025.47,0,1751000,1689025.47
1127,1203828.41,240109.72,1299000,1443938.13,1443938.13,0,1299000,1443938.13
1135,1348967.26,144835.14,1337000,1493802.4,1493802.4,0,1337000,1493802.4
1141,1670455.74,61544.26,1750000,1732000,1732000,0,1750000,1732000
1137,1635500,5500,1751000,1641000,1641000,0,1751000,1641000
1142,1573463.14,-2.32831E-10,1519000,1573463.14,1573463.14,0,1519000,1573463.14
1140,1072265.25,353210.15,1399000,1425475.4,1425475.4,0,1399000,1425475.4
1143,1166116.2,102493.5,1250000,1268609.7,1268609.7,0,1250000,1268609.7
1147,1450771.2,281148.05,1762000,1731919.25,1731919.25,0,1762000,1731919.25
1148,1003732.91,250267.09,1299000,1254000,1254000,0,1299000,1254000
1149,1480123.89,55325.87,1590000,1535449.76,1535449.76,0,1590000,1535449.76
1150,1264781.29,12374.24,1313000,1277155.53,1277155.53,0,1313000,1277155.53
1151,967673.72,300000,1250000,1267673.72,1267673.72,0,1250000,1267673.72
1154,1586914.93,134589.07,1751000,1721504,1721504,0,1751000,1721504
1152,1656500,-4500,1762000,1652000,1652000,0,1762000,1652000
1155,1281289.97,22710.03,1334000,1304000,1304000,0,1334000,1304000
1156,1768718,712983.3,2181000,2481701.3,2481701.3,0,2181000,2481701.3
1157,1032190,354427,1354000,1386617,1386617,0,1354000,1386617
1160,1362174.37,-3974.37,1354000,1358200,1358200,0,1354000,1358200
1159,1268269.97,37152.54,1260000,1305422.51,1305422.51,0,1260000,1305422.51
1161,1543536.13,53243.87,1602000,1596780,1596780,0,1602000,1596780
1162,1759220.01,80652.49,1762000,1839872.5,1839872.5,0,1762000,1839872.5
1166,1199974.02,69025.98,1299000,1269000,1269000,0,1299000,1269000
1167,1300107.57,6532.43,1334000,1306640,1306640,0,1334000,1306640
1170,1492000,0,1602000,1492000,1492000,0,1602000,1492000
1169,600000,892000,1602000,1492000,1492000,0,1602000,1492000
1171,1118202,305798,1454000,1424000,1424000,0,1454000,1424000
1173,877230,599770,1537000,1477000,1477000,0,1537000,1477000
1172,1431439.07,46136.93,1537000,1477576,1477576,0,1537000,1477576
1176,1176375,300625,1537000,1477000,1477000,0,1537000,1477000
1177,1469685.33,1386.67,1568000,1471072,1471072,0,1568000,1471072
1175,0,2126000,2126000,2126000,2126000,0,2126000,2126000
1178,0,2732980.06,2151000,2732980.06,2732980.06,0,2151000,2732980.06
1181,250429,1100481,1305000,1350910,1350910,0,1305000,1350910
1182,1348400,1600,1380000,1350000,1350000,0,1380000,1350000
1183,1447780.24,-6635.14,1454000,1441145.1,1441145.1,0,1454000,1441145.1
1184,0,1751000,1751000,1751000,1751000,0,1751000,1751000
1185,1117350,124150,1279000,1241500,1241500,0,1279000,1241500
1186,1529738.58,0,1537000,1529738.58,1529738.58,0,1537000,1529738.58
1192,1656500,-4500,1762000,1652000,1652000,0,1762000,1652000
1191,1342484.5,0,1313000,1342484.5,1342484.5,0,1313000,1342484.5
1193,1417120,247837.33,1705000,1664957.33,1664957.33,0,1705000,1664957.33
1194,1499130,262870,1762000,1762000,1762000,0,1762000,1762000
1200,1343000,0,1351000,1343000,1343000,0,1351000,1343000
1201,1672237.33,359422.36,1830000,2031659.69,2031659.69,0,1830000,2031659.69
1202,1984504.29,203632.3,2181000,2188136.59,2188136.59,0,2181000,2188136.59
1203,1429859.44,205071.73,1690000,1634931.17,1634931.17,0,1690000,1634931.17
1204,1159000,103302,1199000,1262302,1262302,0,1199000,1262302
1208,1533000,0,1533000,1533000,1533000,0,1533000,1533000
1212,0,1762000,1762000,1762000,1762000,0,1762000,1762000
1214,1222410,58590,1291000,1281000,1281000,0,1291000,1281000
1217,570280,1081720,1762000,1652000,1652000,0,1762000,1652000
1218,1314491.65,0,1313000,1314491.65,1314491.65,0,1313000,1314491.65
1219,1547810.03,0,1568000,1547810.03,1547810.03,0,1568000,1547810.03
1209,1492000,0,1602000,1492000,1492000,0,1602000,1492000
1221,1701821.15,184404.12,1778000,1886225.27,1886225.27,0,1778000,1886225.27
1223,1345936,256064,1617000,1602000,1602000,0,1617000,1602000
1225,1052087,297913,1380000,1350000,1350000,0,1380000,1350000
1226,1259478,412522,1762000,1672000,1672000,0,1762000,1672000
1227,0,1803257.33,1743300,1803257.33,1803257.33,0,1743300,1803257.33
1228,1640000,0,1690000,1640000,1640000,0,1690000,1640000
1229,1464000,0,1494000,1464000,1464000,0,1494000,1464000
1230,1749938.9,62840.56,1602000,1812779.46,1812779.46,0,1602000,1812779.46
1232,1072555.06,268078.7,1325000,1340633.76,1340633.76,0,1325000,1340633.76
1231,810425,1060575,1886000,1871000,1871000,0,1886000,1871000
1234,1557146.55,7,1602000,1557153.55,1557153.55,0,1602000,1557153.55
1233,1930089.9,20615.71,1830000,1950705.61,1950705.61,0,1830000,1950705.61
1235,1165635.41,156004.59,1339000,1321640,1321640,0,1339000,1321640
1236,1514000,0,1519000,1514000,1514000,0,1519000,1514000
1238,1310633.76,0,1325000,1310633.76,1310633.76,0,1325000,1310633.76
1240,1980630.74,203578.87,2196000,2184209.61,2184209.61,0,2196000,2184209.61
1241,1471820,115180,1602000,1587000,1587000,0,1602000,1587000
1242,1635136,0,1722000,1635136,1635136,0,1722000,1635136
1244,1803436,29021,1762000,1832457,1832457,0,1762000,1832457
1245,1940480.13,231101.24,1851000,2171581.37,2171581.37,0,1851000,2171581.37
1247,0,1636085,1711000,1636085,1636085,0,1711000,1636085
1249,1785770,110455.27,1778000,1896225.27,1896225.27,0,1778000,1896225.27
1251,1850009.56,326200.05,2196000,2176209.61,2176209.61,0,2196000,2176209.61
1254,1550000,199154.94,1577000,1749154.94,1749154.94,0,1577000,1749154.94
1259,1219000.01,89999.99,1339000,1309000,1309000,0,1339000,1309000
1262,0,1568000,1568000,1568000,1568000,0,1568000,1568000
1265,1479787.91,15087.19,1568000,1494875.1,1494875.1,0,1568000,1494875.1
1266,2161580.36,0,1983000,2161580.36,2161580.36,0,1983000,2161580.36
1267,1744240.28,364010.05,1851000,2108250.33,2108250.33,0,1851000,2108250.33
1268,1817519.7,0,1705000,1817519.7,1817519.7,0,1705000,1817519.7
1272,0,1582500,1582500,1582500,1582500,0,1582500,1582500
1271,1543243.37,297624.98,1722000,1840868.35,1840868.35,0,1722000,1840868.35
1273,1037011,634989,1762000,1672000,1672000,0,1762000,1672000
1276,1293335,189903.74,1494000,1483238.74,1483238.74,0,1494000,1483238.74
1277,793565,501435,1325000,1295000,1295000,0,1325000,1295000
1280,0,1734313.74,1552500,1734313.74,1734313.74,0,1552500,1734313.74
1286,1344218.62,7221.37,1313000,1351439.99,1351439.99,0,1313000,1351439.99
1282,1122820,61180,1214000,1184000,1184000,0,1214000,1184000
1281,1440372.87,50619.13,1590000,1490992,1490992,0,1590000,1490992
1287,0,1726448.08,1711000,1726448.08,1726448.08,0,1711000,1726448.08
1285,1059172.3,403827.7,1553000,1463000,1463000,0,1553000,1463000
1289,1384952.29,162857.74,1568000,1547810.03,1547810.03,0,1568000,1547810.03
1291,1636153.72,28846.28,1730000,1665000,1665000,0,1730000,1665000
1292,0,1568000,1568000,1568000,1568000,0,1568000,1568000
1295,1686797.43,438959.9,1846000,2125757.33,2125757.33,0,1846000,2125757.33
1296,1186742.16,208020.24,1249000,1394762.4,1394762.4,0,1249000,1394762.4
1298,1824000,0,1924000,1824000,1824000,0,1924000,1824000
1303,1273448.27,76741.82,1313000,1350190.09,1350190.09,0,1313000,1350190.09
1304,0,1575000,1575000,1575000,1575000,0,1575000,1575000
1306,1736932.55,25067.45,1762000,1762000,1762000,0,1762000,1762000
1308,0,1191000,1199000,1191000,1191000,0,1199000,1191000
1312,1042752.45,795650.21,1477000,1838402.66,1838402.66,0,1477000,1838402.66
1319,1094632.91,1106250.08,2196000,2200882.99,2200882.99,0,2196000,2200882.99
1321,1621796.25,313537.92,1752000,1935334.17,1935334.17,0,1752000,1935334.17
1322,0,1842785.88,1602000,1842785.88,1842785.88,0,1602000,1842785.88
1325,1245195,146805,1422000,1392000,1392000,0,1422000,1392000
1326,1583240.72,0,1548000,1583240.72,1583240.72,0,1548000,1583240.72
1328,1262875.59,118624.41,1427500,1381500,1381500,0,1427500,1381500
1329,1542985.67,21331.94,1548000,1564317.61,1564317.61,0,1548000,1564317.61
1331,1031906,1084360,2196000,2116266,2116266,0,2196000,2116266
1332,1531620,34692.24,1427500,1566312.24,1566312.24,0,1427500,1566312.24
1333,1518861.41,163095.92,1722000,1681957.33,1681957.33,0,1722000,1681957.33
1335,1304760,-4500,1299000,1300260,1300260,0,1299000,1300260
1338,1365833.23,136166.77,1602000,1502000,1502000,0,1602000,1502000
1341,1398778.9,189221.1,1688000,1588000,1588000,0,1688000,1588000
1342,1340791,288209,1722000,1629000,1629000,0,1722000,1629000
1343,2021087.46,4912.54,2126000,2026000,2026000,0,2126000,2026000
1345,629000,1000000,1722000,1629000,1629000,0,1722000,1629000
1344,0,1550000,1670000,1550000,1550000,0,1670000,1550000
1346,438942.58,1200000.02,1595000,1638942.6,1638942.6,0,1595000,1638942.6
1347,648008.19,552750.51,1260000,1200758.7,1200758.7,0,1260000,1200758.7
1353,0,200057.5,200057.5,200057.5,200057.5,0,200057.5,200057.5
1354,0,200057.5,200057.5,200057.5,200057.5,0,200057.5,200057.5
1355,0,1659880.52,1579000,1659880.52,1659880.52,0,1579000,1659880.52
1356,1429014.57,96305.83,1450000,1525320.4,1525320.4,0,1450000,1525320.4
1357,1017269.6,192730.4,1260000,1210000,1210000,0,1260000,1210000
1359,0,1781957.33,1722000,1781957.33,1781957.33,0,1722000,1781957.33
1361,1112798.7,169835.06,1325000,1282633.76,1282633.76,0,1325000,1282633.76
1364,1526466.12,658404.93,2196000,2184871.05,2184871.05,0,2196000,2184871.05
1365,936269,649312.83,1548000,1585581.83,1585581.83,0,1548000,1585581.83
1366,1651000,0,1751000,1651000,1651000,0,1751000,1651000
1367,1610808.35,0,1505000,1610808.35,1610808.35,0,1505000,1610808.35
1369,1130032,95000,1275000,1225032,1225032,0,1275000,1225032
1372,1169000,-5000,1214000,1164000,1164000,0,1214000,1164000
1374,1242491.2,464725.67,1548000,1707216.87,1707216.87,0,1548000,1707216.87
1376,2312720,149679.2,2276000,2462399.2,2462399.2,0,2276000,2462399.2
1381,910570,232930,1214000,1143500,1143500,0,1214000,1143500
1380,1488382.1,46575.23,1590000,1534957.33,1534957.33,0,1590000,1534957.33
1378,591050,710950,1360000,1302000,1302000,0,1360000,1302000
1379,1413290,154710,1668000,1568000,1568000,0,1668000,1568000
1383,844635,702365,1647000,1547000,1547000,0,1647000,1547000
1386,1223157,312292.76,1590000,1535449.76,1535449.76,0,1590000,1535449.76
1388,1738937.67,8338.33,1722000,1747276,1747276,0,1722000,1747276
292,728951.78,161686.22,920000,890638,890638,0.00,920000.00,890638.00
318,705776.05,334243.95,1039000,1040020,1040020,0.00,1039000.00,1040020.00
605,882409.43,126590.57,1009000,1009000,1009000,0.00,1009000.00,1009000.00
697,859540.03,152033.43,1019000,1011573.46,1011573.46,0.00,1019000.00,1011573.46
228,985491.17,13798.83,999000,999290,999290,0.00,999000.00,999290.00
192,1543082.35,-5082.35,1538000,1538000,1538000,0.00,1538000.00,1538000.00
195,1628958.61,10041.39,1639000,1639000,1639000,0.00,1639000.00,1639000.00
203,1510217.28,29782.72,1540000,1540000,1540000,0.00,1540000.00,1540000.00
288,1280467.84,95532.16,1376000,1376000,1376000,0.00,1376000.00,1376000.00
309,1362857.61,83622.91,1236000,1446480.52,1446480.52,0.00,1236000.00,1446480.52
339,1893629.34,2.32831E-10,1690000,1893629.34,1893629.34,0.00,1690000.00,1893629.34
348,1380770.78,35999.99,1206000,1416770.77,1416770.77,0.00,1206000.00,1416770.77
424,1090755.94,1461804.59,2014000,2552560.53,2552560.53,0.00,2014000.00,2552560.53
465,1394906.3,10000,1380000,1404906.3,1404906.3,0.00,1380000.00,1404906.30
467,1518045.59,88485.58,1564000,1606531.17,1606531.17,0.00,1564000.00,1606531.17
496,1787661.01,26756.45,1723000,1814417.46,1814417.46,0.00,1723000.00,1814417.46
277,1205732.59,8997.58,1153000,1214730.17,1214730.17,0.00,1153000.00,1214730.17
548,430212,1044140.17,1430000,1474352.17,1474352.17,0.00,1430000.00,1474352.17
570,1487900.08,22099.92,1540000,1510000,1510000,0.00,1540000.00,1510000.00
646,1640957.33,775,1596000,1641732.33,1641732.33,0.00,1596000.00,1641732.33
653,1848692.26,4754.29,1835000,1853446.55,1853446.55,0.00,1835000.00,1853446.55
783,1348522.37,0.01,1305000,1348522.38,1348522.38,0.00,1305000.00,1348522.38
852,1525514.09,7941.76,1305000,1533455.85,1533455.85,0.00,1305000.00,1533455.85
868,1597000,2.32831E-10,1687000,1597000,1597000,0.00,1687000.00,1597000.00
882,2039878.61,533423.49,2181000,2573302.1,2573302.1,0.00,2181000.00,2573302.10
1111,1511578.31,16421.69,1568000,1528000,1528000,0.00,1568000.00,1528000.00
1118,1714509.59,22758.61,1590000,1737268.2,1737268.2,0.00,1590000.00,1737268.20
1139,1810446.55,2.32831E-10,1762000,1810446.55,1810446.55,0.00,1762000.00,1810446.55
1206,2255690.7,4.65661E-10,2181000,2255690.7,2255690.7,0.00,2181000.00,2255690.70
1258,1132104.35,1085448.41,2196000,2217552.76,2217552.76,0.00,2196000.00,2217552.76
1288,1497855.36,1600.49,1305000,1499455.85,1499455.85,0.00,1305000.00,1499455.85
1290,1520740.84,2.32831E-10,1580000,1520740.84,1520740.84,0.00,1580000.00,1520740.84
1305,1645257.59,5742.41,1751000,1651000,1651000,0.00,1751000.00,1651000.00
1387,965138,1492000.07,2261000,2457138.07,2457138.07,0.00,2261000.00,2457138.07
125,1012919.06,559080.94,1592000,1572000,1572000,0.00,1592000.00,1572000.00
245,1593275.36,126924.64,1716000,1720200,1720200,0.00,1716000.00,1720200.00
337,1442632.05,254605.63,1614000,1697237.68,1697237.68,0.00,1614000.00,1697237.68
392,1558775.83,194224.17,1753000,1753000,1753000,0.00,1753000.00,1753000.00
462,1250551.82,220119.92,1411000,1470671.74,1470671.74,0.00,1411000.00,1470671.74
527,1040629.68,32757.85,1034000,1073387.53,1073387.53,0.00,1034000.00,1073387.53
615,1654000,0,1654000,1654000,1654000,0.00,1654000.00,1654000.00
624,0,1538459.33,1579000,1538459.33,1538459.33,0.00,1579000.00,1538459.33
724,1384000.33,499999.67,1894000,1884000,1884000,0.00,1894000.00,1884000.00
748,1498689.61,101310.39,1600000,1600000,1600000,0.00,1600000.00,1600000.00
1323,1404375.84,181075.76,1548000,1585451.6,1585451.6,0.00,1548000.00,1585451.60
1038,1948865.86,456202.57,2181000,2405068.43,2405068.43,0.00,2181000.00,2405068.43
1196,1430780.05,772485.95,2201000,2203266,2203266,0.00,2201000.00,2203266.00
302,1270694,-2784.0006,1265000,1267909.999,1267910,0.00,1265000.00,1267910.00
319,909099.1,140440.899,1049000,1049539.999,1049540,0.00,1049000.00,1049540.00
104,1656158.15,3161.85,1658000,1659320,1659505,185.00,1657815.00,1659320.00
671,0,1450000,1450500,1450000,1450500,500.00,1450000.00,1450000.00
563,1199737,56383,1293000,1256120,1256760,640.00,1292360.00,1256120.00
1190,1184948,222879.4,1289000,1407827.4,1410779.5,2952.10,1286047.90,1407827.40
929,912128.61,361663.39,1269000,1273792,1282792,9000.00,1260000.00,1273792.00
400,1564682.37,168317.63,1733000,1733000,1743315,10315.00,1722685.00,1733000.00
652,1586514,0,1608000,1586514,1598514,12000.00,1596000.00,1586514.00
36,1364765,393235,1758000,1758000,1770640,12640.00,1745360.00,1758000.00
921,1901541.52,384341.47,2196000,2285882.99,2300882.99,15000.00,2181000.00,2285882.99
957,911881.83,377118.17,1314000,1289000,1304000,15000.00,1299000.00,1289000.00
1058,1328920.68,439023.32,1577000,1767944,1782944,15000.00,1562000.00,1767944.00
1213,2120924.04,29079.96,2196000,2150004,2165004,15000.00,2181000.00,2150004.00
1270,0,1377550,1386000,1377550,1392550,15000.00,1371000.00,1377550.00
1371,792413.65,569586.35,1382000,1362000,1377000,15000.00,1367000.00,1362000.00
155,1283000,-10000,1293000,1273000,1293000,20000.00,1273000.00,1273000.00
1385,446971,1285029,1762000,1732000,1752000,20000.00,1742000.00,1732000.00
156,1127500.84,145499.16,1293000,1273000,1293000,20000.00,1273000.00,1273000.00
111,0,1561250,1581500,1561250,1593750,32500.00,1549000.00,1561250.00
650,1678948.35,121648.98,1786300,1800597.33,1838897.33,38300.00,1748000.00,1800597.33
166,1450540,98460,1614000,1549000,1594000,45000.00,1569000.00,1549000.00
536,1867817.77,-45187.17,1505000,1822630.6,1871217.77,48587.17,1456412.83,1822630.60
456,0,1432808.8,1355374,1432808.8,1483182.8,50374.00,1305000.00,1432808.80
1091,1470000,10000,1608000,1480000,1578000,98000.00,1510000.00,1480000.00
1197,1319507.88,-4500,1313000,1315007.88,1422777.55,107769.67,1205230.33,1315007.88
684,1805872,14826.66,1497000,1820698.66,1957198.66,136500.00,1360500.00,1820698.66
700,1201107,761725,2145314,1962832,2137489,174657.00,1970657.00,1962832.00
747,0,2010900,2195800,2010900,2195800,184900.00,2010900.00,2010900.00
714,1295295.24,591315.76,2071042,1886611,2073632,187021.00,1884021.00,1886611.00
470,NULL,NULL,1365000,0,1483714.95,1483714.95,-118714.95,0.00
